h	k	l	q	I(q)
1.0	-1.0	0.0	2.15000	6.103795e-07
-1.0	-1.0	0.0	2.15000	6.079769e-07
1.0	1.0	0.0	2.15000	6.079769e-07
-1.0	1.0	0.0	2.15000	6.103795e-07
-1.0	0.0	1.0	2.19083	1.582674e-09
1.0	0.0	1.0	2.19083	1.573519e-09
1.0	0.0	-1.0	2.19083	1.582674e-09
-1.0	0.0	-1.0	2.19083	1.573519e-09
0.0	2.0	0.0	2.26666	2.750010e-07
0.0	-2.0	0.0	2.26666	2.750010e-07
0.0	0.0	2.0	2.41800	5.500536e-07
0.0	0.0	-2.0	2.41800	5.500536e-07
1.0	1.0	1.0	2.46662	4.350068e-07
-1.0	-1.0	1.0	2.46662	5.742487e-07
1.0	1.0	-1.0	2.46662	5.742487e-07
-1.0	1.0	-1.0	2.46662	5.714855e-07
1.0	-1.0	-1.0	2.46662	4.372858e-07
1.0	-1.0	1.0	2.46662	5.714855e-07
-1.0	1.0	1.0	2.46662	4.372858e-07
-1.0	-1.0	-1.0	2.46662	4.350068e-07
0.0	-2.0	1.0	2.56894	2.421907e-08
0.0	2.0	-1.0	2.56894	2.421907e-08
0.0	-2.0	-1.0	2.56894	5.907698e-08
0.0	2.0	1.0	2.56894	5.907698e-08
0.0	1.0	-2.0	2.67043	8.289930e-09
0.0	-1.0	2.0	2.67043	8.289930e-09
0.0	-1.0	-2.0	2.67043	4.336473e-09
0.0	1.0	2.0	2.67043	4.336473e-09
-1.0	-2.0	0.0	2.91133	1.090601e-08
-1.0	2.0	0.0	2.91133	8.127810e-09
1.0	-2.0	0.0	2.91133	8.127810e-09
1.0	2.0	0.0	2.91133	1.090601e-08
1.0	0.0	-2.0	3.03065	5.194527e-09
-1.0	0.0	2.0	3.03065	5.194527e-09
-1.0	0.0	-2.0	3.03065	5.795738e-09
1.0	0.0	2.0	3.03065	5.795738e-09
1.0	2.0	-1.0	3.15238	1.348302e-08
-1.0	2.0	1.0	3.15238	2.151213e-08
1.0	2.0	1.0	3.15238	2.726177e-08
1.0	-2.0	1.0	3.15238	9.881711e-09
1.0	-2.0	-1.0	3.15238	2.151213e-08
-1.0	-2.0	-1.0	3.15238	2.726177e-08
-1.0	-2.0	1.0	3.15238	1.348302e-08
-1.0	2.0	-1.0	3.15238	9.881711e-09
-1.0	-1.0	-2.0	3.23562	1.086668e-05
-1.0	1.0	-2.0	3.23562	1.056471e-05
1.0	-1.0	2.0	3.23562	1.056471e-05
1.0	-1.0	-2.0	3.23562	1.086721e-05
-1.0	1.0	2.0	3.23562	1.086721e-05
1.0	1.0	2.0	3.23562	1.086668e-05
-1.0	-1.0	2.0	3.23562	1.056098e-05
1.0	1.0	-2.0	3.23562	1.056098e-05
0.0	2.0	-2.0	3.31429	1.433354e-05
0.0	2.0	2.0	3.31429	1.382152e-05
0.0	-2.0	2.0	3.31429	1.433354e-05
0.0	-2.0	-2.0	3.31429	1.382152e-05
0.0	-3.0	0.0	3.39999	7.615917e-08
0.0	3.0	0.0	3.39999	7.615917e-08
0.0	3.0	1.0	3.60855	5.180191e-08
0.0	3.0	-1.0	3.60855	1.522896e-07
0.0	-3.0	1.0	3.60855	1.522896e-07
0.0	-3.0	-1.0	3.60855	5.180191e-08
0.0	0.0	3.0	3.62701	5.747815e-08
0.0	0.0	-3.0	3.62701	5.747815e-08
2.0	0.0	0.0	3.65408	7.213344e-04
-2.0	0.0	0.0	3.65408	7.213344e-04
-1.0	-2.0	-2.0	3.78452	7.024647e-08
-1.0	2.0	2.0	3.78452	5.155915e-08
-1.0	2.0	-2.0	3.78452	5.305957e-08
1.0	-2.0	2.0	3.78452	5.305957e-08
1.0	2.0	-2.0	3.78452	6.332424e-08
1.0	-2.0	-2.0	3.78452	5.155915e-08
1.0	2.0	2.0	3.78452	7.024647e-08
-1.0	-2.0	2.0	3.78452	6.332424e-08
0.0	1.0	3.0	3.79995	1.587515e-07
0.0	-1.0	-3.0	3.79995	1.587515e-07
0.0	-1.0	3.0	3.79995	2.299962e-07
0.0	1.0	-3.0	3.79995	2.299962e-07
2.0	1.0	0.0	3.82580	2.788937e-09
-2.0	-1.0	0.0	3.82580	2.788937e-09
-2.0	0.0	1.0	3.84889	2.860264e-09
-2.0	0.0	-1.0	3.84889	9.645754e-09
2.0	0.0	-1.0	3.84889	2.860264e-09
2.0	0.0	1.0	3.84889	9.645754e-09
1.0	3.0	0.0	3.85979	7.949713e-04
-1.0	3.0	0.0	3.85979	7.955046e-04
1.0	-3.0	0.0	3.85979	7.955046e-04
-1.0	-3.0	0.0	3.85979	7.949713e-04
-2.0	1.0	1.0	4.01228	1.137651e-08
2.0	1.0	-1.0	4.01228	4.922761e-09
2.0	-1.0	1.0	4.01228	5.894524e-09
-2.0	-1.0	1.0	4.01228	4.922761e-09
2.0	-1.0	-1.0	4.01228	1.137651e-08
-2.0	1.0	-1.0	4.01228	5.894524e-09
2.0	1.0	1.0	4.01228	2.548519e-08
-2.0	-1.0	-1.0	4.01228	2.548519e-08
-1.0	3.0	-1.0	4.04471	3.961599e-07
1.0	-3.0	1.0	4.04471	3.961599e-07
-1.0	-3.0	1.0	4.04471	4.367755e-07
-1.0	3.0	1.0	4.04471	3.503487e-07
1.0	3.0	1.0	4.04471	4.019768e-07
-1.0	-3.0	-1.0	4.04471	4.019768e-07
1.0	3.0	-1.0	4.04471	4.367755e-07
1.0	-3.0	-1.0	4.04471	3.503487e-07
-1.0	0.0	3.0	4.06119	9.673306e-09
-1.0	0.0	-3.0	4.06119	3.283261e-09
1.0	0.0	3.0	4.06119	3.283261e-09
1.0	0.0	-3.0	4.06119	9.673306e-09
0.0	-3.0	2.0	4.17213	2.801526e-07
0.0	3.0	-2.0	4.17213	2.801526e-07
0.0	-3.0	-2.0	4.17213	1.035595e-07
0.0	3.0	2.0	4.17213	1.035595e-07
1.0	1.0	3.0	4.21636	9.149741e-04
1.0	-1.0	-3.0	4.21636	9.144927e-04
-1.0	-1.0	-3.0	4.21636	9.149741e-04
1.0	-1.0	3.0	4.21636	9.261323e-04
1.0	1.0	-3.0	4.21636	9.261581e-04
-1.0	1.0	-3.0	4.21636	9.261323e-04
-1.0	-1.0	3.0	4.21636	9.261581e-04
-1.0	1.0	3.0	4.21636	9.144927e-04
0.0	2.0	3.0	4.27702	9.471031e-04
0.0	2.0	-3.0	4.27702	9.331932e-04
0.0	-2.0	3.0	4.27702	9.331932e-04
0.0	-2.0	-3.0	4.27702	9.471031e-04
-2.0	-2.0	0.0	4.30000	2.909337e-04
2.0	-2.0	0.0	4.30000	2.900630e-04
2.0	2.0	0.0	4.30000	2.909337e-04
-2.0	2.0	0.0	4.30000	2.900630e-04
-2.0	0.0	2.0	4.38167	1.310218e-03
2.0	0.0	-2.0	4.38167	1.310218e-03
-2.0	0.0	-2.0	4.38167	1.310805e-03
2.0	0.0	2.0	4.38167	1.310805e-03
2.0	2.0	1.0	4.46673	1.012830e-03
-2.0	2.0	1.0	4.46673	1.014447e-03
-2.0	2.0	-1.0	4.46673	1.011538e-03
2.0	-2.0	-1.0	4.46673	1.014447e-03
2.0	2.0	-1.0	4.46673	1.012979e-03
2.0	-2.0	1.0	4.46673	1.011538e-03
-2.0	-2.0	-1.0	4.46673	1.012830e-03
-2.0	-2.0	1.0	4.46673	1.012979e-03
-2.0	-1.0	-2.0	4.52587	4.389428e-08
-2.0	1.0	-2.0	4.52587	1.595097e-08
2.0	1.0	2.0	4.52587	4.389428e-08
-2.0	-1.0	2.0	4.52587	5.399440e-09
-2.0	1.0	2.0	4.52587	1.910392e-08
2.0	1.0	-2.0	4.52587	5.399440e-09
2.0	-1.0	2.0	4.52587	1.595097e-08
2.0	-1.0	-2.0	4.52587	1.910392e-08
0.0	-4.0	0.0	4.53332	2.739336e-04
0.0	4.0	0.0	4.53332	2.739336e-04
-1.0	-3.0	-2.0	4.55464	1.207654e-03
-1.0	3.0	-2.0	4.55464	1.207224e-03
1.0	-3.0	-2.0	4.55464	1.208204e-03
1.0	3.0	-2.0	4.55464	1.206135e-03
1.0	-3.0	2.0	4.55464	1.207224e-03
-1.0	-3.0	2.0	4.55464	1.206135e-03
1.0	3.0	2.0	4.55464	1.207654e-03
-1.0	3.0	2.0	4.55464	1.208204e-03
1.0	-2.0	-3.0	4.65091	4.546213e-08
1.0	2.0	-3.0	4.65091	3.949803e-08
-1.0	-2.0	-3.0	4.65091	5.185512e-08
1.0	-2.0	3.0	4.65091	2.577286e-08
-1.0	-2.0	3.0	4.65091	3.949803e-08
-1.0	2.0	3.0	4.65091	4.546213e-08
1.0	2.0	3.0	4.65091	5.185512e-08
-1.0	2.0	-3.0	4.65091	2.577286e-08
0.0	4.0	1.0	4.69177	9.084387e-04
0.0	-4.0	-1.0	4.69177	9.084387e-04
0.0	4.0	-1.0	4.69177	9.144007e-04
0.0	-4.0	1.0	4.69177	9.144007e-04
0.0	0.0	4.0	4.83601	1.050242e-03
0.0	0.0	-4.0	4.83601	1.050242e-03
-1.0	-4.0	0.0	4.88765	3.345789e-08
1.0	-4.0	0.0	4.88765	2.638688e-08
-1.0	4.0	0.0	4.88765	2.638688e-08
1.0	4.0	0.0	4.88765	3.345789e-08
2.0	-2.0	2.0	4.93323	1.736745e-04
2.0	-2.0	-2.0	4.93323	1.709916e-04
-2.0	-2.0	-2.0	4.93323	1.704129e-04
2.0	2.0	2.0	4.93323	1.704129e-04
-2.0	-2.0	2.0	4.93323	1.731681e-04
-2.0	2.0	-2.0	4.93323	1.736745e-04
-2.0	2.0	2.0	4.93323	1.709916e-04
2.0	2.0	-2.0	4.93323	1.731681e-04
0.0	-1.0	-4.0	4.96703	1.240271e-08
0.0	1.0	-4.0	4.96703	2.447336e-08
0.0	1.0	4.0	4.96703	1.240271e-08
0.0	-1.0	4.0	4.96703	2.447336e-08
0.0	3.0	-3.0	4.97143	1.156221e-07
0.0	3.0	3.0	4.97143	1.307364e-07
0.0	-3.0	3.0	4.97143	1.156221e-07
0.0	-3.0	-3.0	4.97143	1.307364e-07
2.0	3.0	0.0	4.99121	3.799447e-08
-2.0	-3.0	0.0	4.99121	3.799447e-08
2.0	-3.0	0.0	4.99121	3.552339e-08
-2.0	3.0	0.0	4.99121	3.552339e-08
-1.0	4.0	1.0	5.03495	2.474389e-08
1.0	-4.0	-1.0	5.03495	2.474389e-08
1.0	4.0	1.0	5.03495	3.356247e-08
-1.0	-4.0	-1.0	5.03495	3.356247e-08
-1.0	4.0	-1.0	5.03495	1.227983e-07
1.0	4.0	-1.0	5.03495	1.315291e-07
1.0	-4.0	1.0	5.03495	1.227983e-07
-1.0	-4.0	1.0	5.03495	1.315291e-07
-2.0	-3.0	1.0	5.13555	4.954579e-08
-2.0	3.0	-1.0	5.13555	5.067910e-08
-2.0	3.0	1.0	5.13555	4.839267e-08
2.0	3.0	-1.0	5.13555	4.954579e-08
2.0	-3.0	1.0	5.13555	5.067910e-08
-2.0	-3.0	-1.0	5.13555	6.480606e-08
2.0	3.0	1.0	5.13555	6.480606e-08
2.0	-3.0	-1.0	5.13555	4.839267e-08
0.0	-4.0	2.0	5.13788	1.420758e-04
0.0	4.0	-2.0	5.13788	1.420758e-04
0.0	-4.0	-2.0	5.13788	1.446802e-04
0.0	4.0	2.0	5.13788	1.446802e-04
2.0	0.0	-3.0	5.14854	5.446913e-09
-2.0	0.0	3.0	5.14854	5.446913e-09
1.0	0.0	-4.0	5.16963	3.343144e-08
-1.0	0.0	-4.0	5.16963	2.631402e-08
-1.0	0.0	4.0	5.16963	3.343144e-08
1.0	0.0	4.0	5.16963	2.631402e-08
2.0	1.0	3.0	5.27180	6.891357e-09
-2.0	1.0	-3.0	5.27180	2.045361e-08
2.0	-1.0	-3.0	5.27180	2.349702e-09
-2.0	1.0	3.0	5.27180	2.349702e-09
2.0	1.0	-3.0	5.27180	3.171865e-08
-2.0	-1.0	-3.0	5.27180	6.891357e-09
2.0	-1.0	3.0	5.27180	2.045361e-08
-2.0	-1.0	3.0	5.27180	3.171865e-08
1.0	-1.0	-4.0	5.29240	1.018367e-04
-1.0	-1.0	-4.0	5.29240	1.016890e-04
1.0	1.0	4.0	5.29240	1.016890e-04
-1.0	1.0	4.0	5.29240	1.018367e-04
1.0	-1.0	4.0	5.29240	9.985197e-05
1.0	1.0	-4.0	5.29240	9.986461e-05
-1.0	1.0	-4.0	5.29240	9.985197e-05
-1.0	-1.0	4.0	5.29240	9.986461e-05
1.0	3.0	-3.0	5.29653	8.882908e-08
1.0	-3.0	-3.0	5.29653	9.770014e-08
-1.0	-3.0	-3.0	5.29653	1.065667e-07
1.0	3.0	3.0	5.29653	1.065667e-07
-1.0	3.0	3.0	5.29653	9.770014e-08
1.0	-3.0	3.0	5.29653	7.645176e-08
-1.0	-3.0	3.0	5.29653	8.882908e-08
-1.0	3.0	-3.0	5.29653	7.645176e-08
0.0	2.0	4.0	5.34086	9.668747e-05
0.0	-2.0	-4.0	5.34086	9.668747e-05
0.0	2.0	-4.0	5.34086	9.874495e-05
0.0	-2.0	4.0	5.34086	9.874495e-05
1.0	4.0	2.0	5.45306	2.333006e-08
1.0	-4.0	-2.0	5.45306	1.485052e-08
1.0	4.0	-2.0	5.45306	4.413386e-08
-1.0	4.0	-2.0	5.45306	4.086390e-08
-1.0	-4.0	2.0	5.45306	4.413386e-08
-1.0	4.0	2.0	5.45306	1.485052e-08
1.0	-4.0	2.0	5.45306	4.086390e-08
-1.0	-4.0	-2.0	5.45306	2.333006e-08
-3.0	0.0	0.0	5.48112	7.728545e-09
3.0	0.0	0.0	5.48112	7.728545e-09
-2.0	3.0	-2.0	5.54608	5.659363e-08
2.0	-3.0	2.0	5.54608	5.659363e-08
-2.0	3.0	2.0	5.54608	1.730870e-08
2.0	-3.0	-2.0	5.54608	1.730870e-08
2.0	3.0	-2.0	5.54608	5.887880e-08
2.0	3.0	2.0	5.54608	2.479791e-08
-2.0	-3.0	-2.0	5.54608	2.479791e-08
-2.0	-3.0	2.0	5.54608	5.887880e-08
-3.0	1.0	0.0	5.59706	1.797397e-05
3.0	-1.0	0.0	5.59706	1.797397e-05
-3.0	-1.0	0.0	5.59706	1.796101e-05
3.0	1.0	0.0	5.59706	1.796101e-05
-3.0	0.0	-1.0	5.61287	1.263186e-08
-3.0	0.0	1.0	5.61287	9.331708e-09
3.0	0.0	1.0	5.61287	1.263186e-08
3.0	0.0	-1.0	5.61287	9.331708e-09
-2.0	-2.0	-3.0	5.62541	2.680857e-05
2.0	2.0	-3.0	5.62541	2.592156e-05
-2.0	-2.0	3.0	5.62541	2.592156e-05
-2.0	2.0	3.0	5.62541	2.665326e-05
2.0	2.0	3.0	5.62541	2.680857e-05
2.0	-2.0	-3.0	5.62541	2.665326e-05
-2.0	2.0	-3.0	5.62541	2.604589e-05
2.0	-2.0	3.0	5.62541	2.604589e-05
-1.0	2.0	4.0	5.64472	2.931164e-08
1.0	2.0	4.0	5.64472	2.619606e-08
-1.0	-2.0	-4.0	5.64472	2.619606e-08
1.0	2.0	-4.0	5.64472	1.032819e-09
-1.0	-2.0	4.0	5.64472	1.032819e-09
1.0	-2.0	-4.0	5.64472	2.931164e-08
0.0	-5.0	0.0	5.66665	2.973677e-08
0.0	5.0	0.0	5.66665	2.973677e-08
-3.0	-1.0	-1.0	5.72615	1.541248e-07
-3.0	1.0	-1.0	5.72615	2.945739e-07
3.0	-1.0	1.0	5.72615	2.945739e-07
3.0	1.0	1.0	5.72615	1.541248e-07
3.0	1.0	-1.0	5.72615	2.927035e-07
-3.0	-1.0	1.0	5.72615	2.927035e-07
3.0	-1.0	-1.0	5.72615	1.575756e-07
-3.0	1.0	1.0	5.72615	1.575756e-07
0.0	-5.0	1.0	5.79419	3.910962e-08
0.0	5.0	1.0	5.79419	2.062802e-08
0.0	5.0	-1.0	5.79419	3.910962e-08
0.0	-5.0	-1.0	5.79419	2.062802e-08
0.0	4.0	3.0	5.80570	1.886753e-05
0.0	4.0	-3.0	5.80570	1.900504e-05
0.0	-4.0	3.0	5.80570	1.900504e-05
0.0	-4.0	-3.0	5.80570	1.886753e-05
2.0	4.0	0.0	5.82265	1.286164e-05
2.0	-4.0	0.0	5.82265	1.295444e-05
-2.0	4.0	0.0	5.82265	1.295444e-05
-2.0	-4.0	0.0	5.82265	1.286164e-05
0.0	3.0	4.0	5.91159	3.439189e-08
0.0	-3.0	-4.0	5.91159	3.439189e-08
0.0	-3.0	4.0	5.91159	1.896815e-08
0.0	3.0	-4.0	5.91159	1.896815e-08
-3.0	-2.0	0.0	5.93131	1.979503e-09
3.0	2.0	0.0	5.93131	1.979503e-09
2.0	-4.0	-1.0	5.94685	9.312345e-08
-2.0	-4.0	-1.0	5.94685	8.878692e-08
2.0	4.0	-1.0	5.94685	1.582102e-07
2.0	-4.0	1.0	5.94685	1.507361e-07
-2.0	4.0	-1.0	5.94685	1.507361e-07
2.0	4.0	1.0	5.94685	8.878692e-08
-2.0	4.0	1.0	5.94685	9.312345e-08
-2.0	-4.0	1.0	5.94685	1.582102e-07
-1.0	5.0	0.0	5.95391	1.091494e-05
1.0	-5.0	0.0	5.95391	1.091494e-05
1.0	5.0	0.0	5.95391	1.085583e-05
-1.0	-5.0	0.0	5.95391	1.085583e-05
3.0	0.0	2.0	5.99077	7.788900e-09
3.0	0.0	-2.0	5.99077	6.314703e-09
-3.0	0.0	2.0	5.99077	6.314703e-09
-3.0	0.0	-2.0	5.99077	7.788900e-09
3.0	-2.0	-1.0	6.05327	3.962373e-09
-3.0	-2.0	-1.0	6.05327	6.073070e-09
-3.0	2.0	-1.0	6.05327	1.732859e-09
3.0	2.0	1.0	6.05327	6.073070e-09
3.0	2.0	-1.0	6.05327	1.052888e-09
-3.0	-2.0	1.0	6.05327	1.052888e-09
3.0	-2.0	1.0	6.05327	1.732859e-09
-3.0	2.0	1.0	6.05327	3.962373e-09
-2.0	0.0	-4.0	6.06129	1.151900e-07
-2.0	0.0	4.0	6.06129	1.256896e-07
2.0	0.0	4.0	6.06129	1.151900e-07
2.0	0.0	-4.0	6.06129	1.256896e-07
-1.0	5.0	1.0	6.07542	5.779525e-08
-1.0	5.0	-1.0	6.07542	5.694543e-08
1.0	-5.0	-1.0	6.07542	5.779525e-08
-1.0	-5.0	1.0	6.07542	5.535386e-08
1.0	5.0	1.0	6.07542	6.456256e-08
-1.0	-5.0	-1.0	6.07542	6.456256e-08
1.0	5.0	-1.0	6.07542	5.535386e-08
1.0	-5.0	1.0	6.07542	5.694543e-08
-1.0	-4.0	3.0	6.08640	1.153592e-08
1.0	4.0	-3.0	6.08640	1.153592e-08
-1.0	-4.0	-3.0	6.08640	8.961755e-09
1.0	-4.0	-3.0	6.08640	8.334021e-09
-1.0	4.0	3.0	6.08640	8.334021e-09
1.0	-4.0	3.0	6.08640	1.064109e-08
-1.0	4.0	-3.0	6.08640	1.064109e-08
1.0	4.0	3.0	6.08640	8.961755e-09
-3.0	1.0	2.0	6.09703	2.541450e-06
3.0	-1.0	-2.0	6.09703	2.541450e-06
3.0	1.0	-2.0	6.09703	2.448808e-06
-3.0	-1.0	-2.0	6.09703	2.559391e-06
3.0	-1.0	2.0	6.09703	2.445430e-06
3.0	1.0	2.0	6.09703	2.559391e-06
-3.0	-1.0	2.0	6.09703	2.448808e-06
-3.0	1.0	-2.0	6.09703	2.445430e-06
0.0	5.0	-2.0	6.16098	4.648708e-09
0.0	5.0	2.0	6.16098	2.762811e-08
0.0	-5.0	2.0	6.16098	4.648708e-09
0.0	-5.0	-2.0	6.16098	2.762811e-08
-2.0	-1.0	4.0	6.16634	1.688763e-08
2.0	1.0	4.0	6.16634	6.517059e-09
-2.0	-1.0	-4.0	6.16634	6.517059e-09
-2.0	1.0	4.0	6.16634	9.583251e-09
2.0	1.0	-4.0	6.16634	1.688763e-08
-2.0	1.0	-4.0	6.16634	1.331878e-08
2.0	-1.0	-4.0	6.16634	9.583251e-09
2.0	-1.0	4.0	6.16634	1.331878e-08
2.0	-3.0	-3.0	6.16988	3.384203e-09
2.0	3.0	-3.0	6.16988	7.669347e-09
-2.0	3.0	-3.0	6.16988	5.219570e-09
-2.0	-3.0	-3.0	6.16988	5.498333e-09
-2.0	-3.0	3.0	6.16988	7.669347e-09
2.0	3.0	3.0	6.16988	5.498333e-09
2.0	-3.0	3.0	6.16988	5.219570e-09
-2.0	3.0	3.0	6.16988	3.384203e-09
1.0	3.0	4.0	6.18749	9.539937e-08
1.0	-3.0	4.0	6.18749	6.985859e-08
1.0	-3.0	-4.0	6.18749	9.558424e-08
-1.0	-3.0	-4.0	6.18749	9.539937e-08
-1.0	3.0	-4.0	6.18749	6.985859e-08
-1.0	3.0	4.0	6.18749	9.558424e-08
-1.0	-3.0	4.0	6.18749	7.433937e-08
1.0	3.0	-4.0	6.18749	7.433937e-08
-2.0	-4.0	2.0	6.30476	2.193200e-06
2.0	4.0	2.0	6.30476	2.253055e-06
-2.0	-4.0	-2.0	6.30476	2.253055e-06
-2.0	4.0	-2.0	6.30476	2.161765e-06
2.0	-4.0	2.0	6.30476	2.161765e-06
2.0	4.0	-2.0	6.30476	2.193200e-06
2.0	-4.0	-2.0	6.30476	2.209523e-06
-2.0	4.0	2.0	6.30476	2.209523e-06
-1.0	0.0	5.0	6.31508	3.904200e-09
1.0	0.0	5.0	6.31508	4.084081e-09
1.0	0.0	-5.0	6.31508	3.904200e-09
-1.0	0.0	-5.0	6.31508	4.084081e-09
3.0	2.0	-2.0	6.40524	1.639873e-09
-3.0	-2.0	2.0	6.40524	1.639873e-09
-3.0	2.0	2.0	6.40524	2.696531e-09
3.0	-2.0	-2.0	6.40524	2.696531e-09
-3.0	-2.0	-2.0	6.40524	3.518311e-09
3.0	2.0	2.0	6.40524	3.518311e-09
1.0	1.0	-5.0	6.41597	4.604733e-06
-1.0	-1.0	5.0	6.41597	4.604733e-06
-1.0	-1.0	-5.0	6.41597	4.380938e-06
1.0	-1.0	5.0	6.41597	4.614112e-06
1.0	1.0	5.0	6.41597	4.380938e-06
1.0	-1.0	-5.0	6.41597	4.369439e-06
-1.0	1.0	5.0	6.41597	4.369439e-06
-1.0	1.0	-5.0	6.41597	4.614112e-06
1.0	5.0	-2.0	6.42618	2.406488e-06
-1.0	5.0	-2.0	6.42618	2.377424e-06
1.0	-5.0	-2.0	6.42618	2.327419e-06
-1.0	-5.0	-2.0	6.42618	2.361021e-06
-1.0	5.0	2.0	6.42618	2.327419e-06
1.0	-5.0	2.0	6.42618	2.377424e-06
1.0	5.0	2.0	6.42618	2.361021e-06
-1.0	-5.0	2.0	6.42618	2.406488e-06
-3.0	-3.0	0.0	6.45001	2.217990e-05
3.0	3.0	0.0	6.45001	2.217990e-05
-3.0	3.0	0.0	6.45001	2.229587e-05
3.0	-3.0	0.0	6.45001	2.229587e-05
0.0	-2.0	5.0	6.45600	5.325821e-06
0.0	-2.0	-5.0	6.45600	5.677105e-06
0.0	2.0	5.0	6.45600	5.677105e-06
0.0	2.0	-5.0	6.45600	5.325821e-06
2.0	2.0	-4.0	6.47125	1.186347e-06
2.0	2.0	4.0	6.47125	1.015671e-06
-2.0	-2.0	-4.0	6.47125	1.015671e-06
2.0	-2.0	4.0	6.47125	1.166271e-06
-2.0	2.0	4.0	6.47125	9.956636e-07
2.0	-2.0	-4.0	6.47125	9.956636e-07
-2.0	-2.0	4.0	6.47125	1.186347e-06
-2.0	2.0	-4.0	6.47125	1.166271e-06
3.0	-3.0	1.0	6.56234	2.177581e-06
-3.0	-3.0	-1.0	6.56234	2.371934e-06
-3.0	3.0	1.0	6.56234	2.331238e-06
3.0	-3.0	-1.0	6.56234	2.331238e-06
-3.0	-3.0	1.0	6.56234	2.146260e-06
3.0	3.0	-1.0	6.56234	2.146260e-06
-3.0	3.0	-1.0	6.56234	2.177581e-06
3.0	3.0	1.0	6.56234	2.371934e-06
3.0	0.0	-3.0	6.57250	3.134484e-09
3.0	0.0	3.0	6.57250	2.926147e-09
-3.0	0.0	-3.0	6.57250	2.926147e-09
-3.0	0.0	3.0	6.57250	3.134484e-09
0.0	-4.0	4.0	6.62857	6.120275e-07
0.0	4.0	-4.0	6.62857	6.120275e-07
0.0	4.0	4.0	6.62857	6.839316e-07
0.0	-4.0	-4.0	6.62857	6.839316e-07
3.0	-1.0	3.0	6.66950	1.847340e-05
3.0	-1.0	-3.0	6.66950	1.919937e-05
-3.0	-1.0	-3.0	6.66950	1.923749e-05
-3.0	1.0	-3.0	6.66950	1.847340e-05
-3.0	-1.0	3.0	6.66950	1.844615e-05
3.0	1.0	3.0	6.66950	1.923749e-05
3.0	1.0	-3.0	6.66950	1.844615e-05
-3.0	1.0	3.0	6.66950	1.919937e-05
-1.0	2.0	-5.0	6.70954	3.461174e-09
1.0	2.0	5.0	6.70954	4.788554e-09
1.0	-2.0	5.0	6.70954	3.461174e-09
-1.0	-2.0	-5.0	6.70954	4.788554e-09
-1.0	-2.0	5.0	6.70954	2.627819e-09
-1.0	2.0	5.0	6.70954	5.000807e-09
1.0	2.0	-5.0	6.70954	2.627819e-09
1.0	-2.0	-5.0	6.70954	5.000807e-09
0.0	5.0	3.0	6.72801	1.162897e-08
0.0	-5.0	3.0	6.72801	3.640118e-09
0.0	5.0	-3.0	6.72801	3.640118e-09
0.0	-5.0	-3.0	6.72801	1.162897e-08
-2.0	5.0	0.0	6.74264	6.629285e-09
-2.0	-5.0	0.0	6.74264	7.456985e-09
2.0	5.0	0.0	6.74264	7.456985e-09
2.0	-5.0	0.0	6.74264	6.629285e-09
0.0	-6.0	0.0	6.79998	2.312826e-05
0.0	6.0	0.0	6.79998	2.312826e-05
-2.0	-5.0	-1.0	6.85018	3.817389e-09
-2.0	5.0	1.0	6.85018	3.164236e-09
2.0	-5.0	1.0	6.85018	9.893359e-09
2.0	-5.0	-1.0	6.85018	3.164236e-09
2.0	5.0	-1.0	6.85018	1.009262e-08
2.0	5.0	1.0	6.85018	3.817389e-09
-2.0	5.0	-1.0	6.85018	9.893359e-09
-2.0	-5.0	1.0	6.85018	1.009262e-08
2.0	4.0	3.0	6.85992	1.627723e-05
2.0	-4.0	-3.0	6.85992	1.618194e-05
-2.0	4.0	3.0	6.85992	1.618194e-05
2.0	-4.0	3.0	6.85992	1.602254e-05
-2.0	-4.0	-3.0	6.85992	1.627723e-05
2.0	4.0	-3.0	6.85992	1.594741e-05
-2.0	-4.0	3.0	6.85992	1.594741e-05
-2.0	4.0	-3.0	6.85992	1.602254e-05
1.0	4.0	4.0	6.87576	3.846176e-09
1.0	-4.0	-4.0	6.87576	4.559729e-09
-1.0	-4.0	4.0	6.87576	2.167060e-09
-1.0	4.0	4.0	6.87576	4.559729e-09
-1.0	-4.0	-4.0	6.87576	3.846176e-09
1.0	4.0	-4.0	6.87576	2.167060e-09
1.0	-4.0	4.0	6.87576	1.838863e-09
-1.0	4.0	-4.0	6.87576	1.838863e-09
3.0	-3.0	-2.0	6.88835	2.152176e-05
-3.0	3.0	-2.0	6.88835	2.165347e-05
3.0	-3.0	2.0	6.88835	2.165347e-05
-3.0	3.0	2.0	6.88835	2.152176e-05
-3.0	-3.0	-2.0	6.88835	2.142778e-05
3.0	3.0	-2.0	6.88835	2.154239e-05
3.0	3.0	2.0	6.88835	2.142778e-05
-3.0	-3.0	2.0	6.88835	2.154239e-05
0.0	6.0	1.0	6.90663	1.599801e-06
0.0	-6.0	-1.0	6.90663	1.599801e-06
0.0	6.0	-1.0	6.90663	1.614813e-06
0.0	-6.0	1.0	6.90663	1.614813e-06
0.0	-3.0	-5.0	6.93557	1.030810e-09
0.0	3.0	-5.0	6.93557	7.676307e-09
0.0	-3.0	5.0	6.93557	7.676307e-09
0.0	3.0	5.0	6.93557	1.030810e-09
2.0	-3.0	4.0	6.94976	1.836000e-09
2.0	-3.0	-4.0	6.94976	7.651935e-09
2.0	3.0	-4.0	6.94976	2.582566e-09
-2.0	-3.0	4.0	6.94976	2.582566e-09
2.0	3.0	4.0	6.94976	8.203220e-09
-2.0	3.0	-4.0	6.94976	1.836000e-09
-2.0	3.0	4.0	6.94976	7.651935e-09
-2.0	-3.0	-4.0	6.94976	8.203220e-09
3.0	2.0	-3.0	6.95238	3.227636e-09
-3.0	2.0	3.0	6.95238	1.316487e-09
-3.0	-2.0	3.0	6.95238	3.227636e-09
3.0	2.0	3.0	6.95238	1.915108e-09
-3.0	-2.0	-3.0	6.95238	1.915108e-09
3.0	-2.0	-3.0	6.95238	1.316487e-09
3.0	-2.0	3.0	6.95238	1.730780e-09
-3.0	2.0	-3.0	6.95238	1.730780e-09
-1.0	5.0	3.0	6.97167	1.709954e-05
1.0	-5.0	3.0	6.97167	1.704885e-05
-1.0	5.0	-3.0	6.97167	1.704885e-05
1.0	5.0	-3.0	6.97167	1.710082e-05
1.0	5.0	3.0	6.97167	1.704085e-05
-1.0	-5.0	3.0	6.97167	1.710082e-05
-1.0	-5.0	-3.0	6.97167	1.704085e-05
1.0	-5.0	-3.0	6.97167	1.709954e-05
1.0	-6.0	0.0	7.04115	1.447589e-08
1.0	6.0	0.0	7.04115	1.451930e-08
-1.0	6.0	0.0	7.04115	1.447589e-08
-1.0	-6.0	0.0	7.04115	1.451930e-08
2.0	0.0	5.0	7.06360	1.825210e-09
-2.0	0.0	-5.0	7.06360	1.825210e-09
-2.0	0.0	5.0	7.06360	2.458953e-09
2.0	0.0	-5.0	7.06360	2.458953e-09
-3.0	4.0	0.0	7.11292	1.708156e-09
3.0	4.0	0.0	7.11292	3.240406e-09
-3.0	-4.0	0.0	7.11292	3.240406e-09
3.0	-4.0	0.0	7.11292	1.708156e-09
1.0	-6.0	1.0	7.14420	4.681761e-09
-1.0	-6.0	1.0	7.14420	4.322900e-09
1.0	6.0	1.0	7.14420	1.175088e-08
-1.0	6.0	-1.0	7.14420	4.681761e-09
1.0	-6.0	-1.0	7.14420	1.089695e-08
1.0	6.0	-1.0	7.14420	4.322900e-09
-1.0	-6.0	-1.0	7.14420	1.175088e-08
-1.0	6.0	1.0	7.14420	1.089695e-08
-2.0	1.0	-5.0	7.15394	2.713860e-09
2.0	-1.0	-5.0	7.15394	2.672638e-09
-2.0	-1.0	5.0	7.15394	2.881045e-09
2.0	1.0	5.0	7.15394	2.616031e-09
-2.0	-1.0	-5.0	7.15394	2.616031e-09
2.0	-1.0	5.0	7.15394	2.713860e-09
2.0	1.0	-5.0	7.15394	2.881045e-09
-2.0	1.0	5.0	7.15394	2.672638e-09
-1.0	-3.0	5.0	7.17218	6.376844e-09
1.0	-3.0	-5.0	7.17218	8.838352e-09
-1.0	3.0	5.0	7.17218	8.838352e-09
1.0	3.0	-5.0	7.17218	6.376844e-09
-1.0	-3.0	-5.0	7.17218	8.837179e-09
1.0	3.0	5.0	7.17218	8.837179e-09
1.0	-3.0	5.0	7.17218	5.825722e-09
-1.0	3.0	-5.0	7.17218	5.825722e-09
-3.0	-4.0	-1.0	7.21494	2.096243e-09
3.0	4.0	-1.0	7.21494	5.767388e-09
3.0	-4.0	1.0	7.21494	3.686745e-09
3.0	4.0	1.0	7.21494	2.096243e-09
-3.0	4.0	-1.0	7.21494	3.686745e-09
-3.0	4.0	1.0	7.21494	1.218952e-09
3.0	-4.0	-1.0	7.21494	1.218952e-09
-3.0	-4.0	1.0	7.21494	5.767388e-09
0.0	6.0	2.0	7.21710	1.459813e-05
0.0	6.0	-2.0	7.21710	1.442006e-05
0.0	-6.0	2.0	7.21710	1.442006e-05
0.0	-6.0	-2.0	7.21710	1.459813e-05
0.0	0.0	-6.0	7.25401	1.339571e-05
0.0	0.0	6.0	7.25401	1.339571e-05
4.0	0.0	0.0	7.30815	3.331695e-05
-4.0	0.0	0.0	7.30815	3.331695e-05
-3.0	0.0	-4.0	7.30956	1.562545e-09
3.0	0.0	4.0	7.30956	1.562545e-09
3.0	0.0	-4.0	7.30956	2.339417e-09
-3.0	0.0	4.0	7.30956	2.339417e-09
0.0	1.0	6.0	7.34201	3.522535e-09
0.0	-1.0	6.0	7.34201	1.768713e-09
0.0	-1.0	-6.0	7.34201	3.522535e-09
0.0	1.0	-6.0	7.34201	1.768713e-09
-4.0	1.0	0.0	7.39551	2.005442e-09
-4.0	-1.0	0.0	7.39551	2.778956e-09
4.0	-1.0	0.0	7.39551	2.005442e-09
4.0	1.0	0.0	7.39551	2.778956e-09
3.0	-1.0	4.0	7.39689	6.224034e-06
3.0	-1.0	-4.0	7.39689	6.320926e-06
-3.0	-1.0	-4.0	7.39689	6.307581e-06
3.0	1.0	4.0	7.39689	6.307581e-06
-3.0	1.0	-4.0	7.39689	6.224034e-06
-3.0	1.0	4.0	7.39689	6.320926e-06
3.0	1.0	-4.0	7.39689	6.203724e-06
-3.0	-1.0	4.0	7.39689	6.203724e-06
3.0	-3.0	3.0	7.39985	4.477949e-07
-3.0	-3.0	-3.0	7.39985	3.614274e-07
-3.0	-3.0	3.0	7.39985	4.619296e-07
3.0	3.0	3.0	7.39985	3.614274e-07
-3.0	3.0	3.0	7.39985	3.706962e-07
3.0	3.0	-3.0	7.39985	4.619296e-07
-3.0	3.0	-3.0	7.39985	4.477949e-07
3.0	-3.0	-3.0	7.39985	3.706962e-07
-4.0	0.0	1.0	7.40748	2.686919e-09
4.0	0.0	1.0	7.40748	2.519184e-09
-4.0	0.0	-1.0	7.40748	2.519184e-09
4.0	0.0	-1.0	7.40748	2.686919e-09
-2.0	2.0	5.0	7.41837	2.088264e-05
2.0	2.0	-5.0	7.41837	2.056937e-05
2.0	-2.0	-5.0	7.41837	2.088264e-05
-2.0	-2.0	5.0	7.41837	2.056937e-05
-2.0	-2.0	-5.0	7.41837	2.082946e-05
-2.0	2.0	-5.0	7.41837	2.050911e-05
2.0	-2.0	5.0	7.41837	2.050911e-05
2.0	2.0	5.0	7.41837	2.082946e-05
1.0	-6.0	-2.0	7.44477	5.375046e-09
1.0	6.0	2.0	7.44477	5.263386e-09
-1.0	-6.0	-2.0	7.44477	5.263386e-09
-1.0	6.0	2.0	7.44477	5.375046e-09
0.0	5.0	-4.0	7.44969	1.179625e-08
0.0	-5.0	4.0	7.44969	1.179625e-08
0.0	5.0	4.0	7.44969	1.516783e-09
0.0	-5.0	-4.0	7.44969	1.516783e-09
1.0	0.0	6.0	7.48056	1.087024e-09
-1.0	0.0	-6.0	7.48056	1.087024e-09
-4.0	1.0	-1.0	7.49368	3.060747e-09
-4.0	-1.0	-1.0	7.49368	2.431670e-09
-4.0	1.0	1.0	7.49368	2.109215e-09
4.0	-1.0	-1.0	7.49368	2.109215e-09
4.0	-1.0	1.0	7.49368	3.060747e-09
4.0	1.0	-1.0	7.49368	3.310433e-09
-4.0	-1.0	1.0	7.49368	3.310433e-09
4.0	1.0	1.0	7.49368	2.431670e-09
3.0	4.0	-2.0	7.51268	2.971489e-09
-3.0	-4.0	-2.0	7.51268	1.250579e-09
3.0	4.0	2.0	7.51268	1.250579e-09
3.0	-4.0	2.0	7.51268	1.740127e-09
-3.0	4.0	-2.0	7.51268	1.740127e-09
-3.0	-4.0	2.0	7.51268	2.971489e-09
0.0	-4.0	5.0	7.55600	1.760505e-05
0.0	-4.0	-5.0	7.55600	1.716499e-05
0.0	4.0	5.0	7.55600	1.716499e-05
0.0	4.0	-5.0	7.55600	1.760505e-05
1.0	-1.0	-6.0	7.56593	3.612200e-06
1.0	-1.0	6.0	7.56593	3.540100e-06
-1.0	1.0	-6.0	7.56593	3.540100e-06
1.0	1.0	-6.0	7.56593	3.529548e-06
1.0	1.0	6.0	7.56593	3.609496e-06
-1.0	-1.0	6.0	7.56593	3.529548e-06
-1.0	1.0	6.0	7.56593	3.612200e-06
-1.0	-1.0	-6.0	7.56593	3.609496e-06
2.0	-4.0	4.0	7.56903	4.760840e-06
2.0	-4.0	-4.0	7.56903	4.894211e-06
2.0	4.0	-4.0	7.56903	4.729101e-06
-2.0	-4.0	-4.0	7.56903	4.855349e-06
-2.0	4.0	-4.0	7.56903	4.760840e-06
2.0	4.0	4.0	7.56903	4.855349e-06
-2.0	-4.0	4.0	7.56903	4.729101e-06
-2.0	4.0	4.0	7.56903	4.894211e-06
0.0	-2.0	6.0	7.59990	3.894724e-06
0.0	2.0	6.0	7.59990	3.843755e-06
0.0	2.0	-6.0	7.59990	3.894724e-06
0.0	-2.0	-6.0	7.59990	3.843755e-06
4.0	-2.0	0.0	7.65159	2.933046e-06
-4.0	2.0	0.0	7.65159	2.933046e-06
4.0	2.0	0.0	7.65159	2.911562e-06
-4.0	-2.0	0.0	7.65159	2.911562e-06
3.0	2.0	4.0	7.65293	1.735159e-09
-3.0	-2.0	-4.0	7.65293	1.735159e-09
-1.0	5.0	-4.0	7.67046	4.778416e-06
-1.0	5.0	4.0	7.67046	4.696599e-06
1.0	5.0	4.0	7.67046	4.680629e-06
1.0	5.0	-4.0	7.67046	4.758357e-06
-1.0	-5.0	-4.0	7.67046	4.680629e-06
1.0	-5.0	-4.0	7.67046	4.696599e-06
1.0	-5.0	4.0	7.67046	4.778416e-06
-1.0	-5.0	4.0	7.67046	4.758357e-06
-4.0	0.0	-2.0	7.69778	9.271779e-06
-4.0	0.0	2.0	7.69778	9.271831e-06
4.0	0.0	-2.0	7.69778	9.271831e-06
4.0	0.0	2.0	7.69778	9.271779e-06
0.0	-6.0	-3.0	7.70681	2.880721e-07
0.0	6.0	-3.0	7.70681	2.558361e-07
0.0	-6.0	3.0	7.70681	2.558361e-07
0.0	6.0	3.0	7.70681	2.880721e-07
2.0	6.0	0.0	7.71959	2.011901e-05
-2.0	6.0	0.0	7.71959	2.016652e-05
2.0	-6.0	0.0	7.71959	2.016652e-05
-2.0	-6.0	0.0	7.71959	2.011901e-05
-4.0	-2.0	1.0	7.74652	3.458476e-06
4.0	-2.0	1.0	7.74652	3.481527e-06
-4.0	-2.0	-1.0	7.74652	3.837073e-06
4.0	2.0	1.0	7.74652	3.837073e-06
-4.0	2.0	1.0	7.74652	3.815692e-06
4.0	-2.0	-1.0	7.74652	3.815692e-06
-4.0	2.0	-1.0	7.74652	3.481527e-06
4.0	2.0	-1.0	7.74652	3.458476e-06
1.0	-4.0	-5.0	7.77375	2.863518e-09
-1.0	4.0	5.0	7.77375	2.863518e-09
1.0	4.0	5.0	7.77375	2.835505e-09
1.0	-4.0	5.0	7.77375	6.950121e-09
-1.0	-4.0	-5.0	7.77375	2.835505e-09
1.0	4.0	-5.0	7.77375	7.352374e-09
-1.0	4.0	-5.0	7.77375	6.950121e-09
-1.0	-4.0	5.0	7.77375	7.352374e-09
4.0	-1.0	2.0	7.78076	1.604565e-09
-4.0	-1.0	2.0	7.78076	1.862174e-09
-4.0	1.0	-2.0	7.78076	1.604565e-09
4.0	1.0	-2.0	7.78076	1.862174e-09
-2.0	6.0	-1.0	7.81369	5.354801e-09
-2.0	6.0	1.0	7.81369	3.064134e-09
2.0	6.0	-1.0	7.81369	5.696779e-09
2.0	-6.0	-1.0	7.81369	3.064134e-09
2.0	-6.0	1.0	7.81369	5.354801e-09
2.0	6.0	1.0	7.81369	2.483941e-09
-2.0	-6.0	1.0	7.81369	5.696779e-09
-2.0	-6.0	-1.0	7.81369	2.483941e-09
-1.0	2.0	6.0	7.81643	1.848287e-09
-1.0	-2.0	-6.0	7.81643	1.890988e-09
1.0	-2.0	-6.0	7.81643	1.848287e-09
1.0	2.0	6.0	7.81643	1.890988e-09
-2.0	-3.0	-5.0	7.83929	4.991179e-09
-2.0	3.0	-5.0	7.83929	1.824216e-09
2.0	-3.0	-5.0	7.83929	3.831897e-09
2.0	3.0	5.0	7.83929	4.991179e-09
2.0	3.0	-5.0	7.83929	1.910493e-09
-2.0	-3.0	5.0	7.83929	1.910493e-09
-2.0	3.0	5.0	7.83929	3.831897e-09
2.0	-3.0	5.0	7.83929	1.824216e-09
-3.0	-5.0	0.0	7.88375	2.251454e-06
-3.0	5.0	0.0	7.88375	2.276731e-06
3.0	5.0	0.0	7.88375	2.251454e-06
3.0	-5.0	0.0	7.88375	2.276731e-06
-1.0	6.0	-3.0	7.92042	1.091175e-09
1.0	6.0	3.0	7.92042	2.844198e-09
1.0	-6.0	-3.0	7.92042	3.209852e-09
1.0	-6.0	3.0	7.92042	1.091175e-09
-1.0	-6.0	-3.0	7.92042	2.844198e-09
-1.0	6.0	3.0	7.92042	3.209852e-09
0.0	-7.0	0.0	7.93331	5.698854e-09
0.0	7.0	0.0	7.93331	5.698854e-09
3.0	-5.0	1.0	7.97592	2.777990e-06
-3.0	-5.0	-1.0	7.97592	2.966416e-06
-3.0	-5.0	1.0	7.97592	2.751577e-06
-3.0	5.0	-1.0	7.97592	2.777990e-06
3.0	5.0	1.0	7.97592	2.966416e-06
3.0	-5.0	-1.0	7.97592	2.942073e-06
-3.0	5.0	1.0	7.97592	2.942073e-06
3.0	5.0	-1.0	7.97592	2.751577e-06
3.0	4.0	-3.0	7.98429	1.361442e-09
-3.0	-4.0	3.0	7.98429	1.361442e-09
0.0	-3.0	-6.0	8.01128	1.394321e-09
0.0	-3.0	6.0	8.01128	7.838857e-09
0.0	3.0	-6.0	8.01128	7.838857e-09
0.0	3.0	6.0	8.01128	1.394321e-09
-4.0	-2.0	2.0	8.02456	5.916619e-08
4.0	2.0	2.0	8.02456	6.661270e-08
4.0	-2.0	2.0	8.02456	6.177490e-08
-4.0	2.0	2.0	8.02456	6.879051e-08
4.0	2.0	-2.0	8.02456	5.916619e-08
-4.0	-2.0	-2.0	8.02456	6.661270e-08
4.0	-2.0	-2.0	8.02456	6.879051e-08
-4.0	2.0	-2.0	8.02456	6.177490e-08
0.0	-7.0	1.0	8.02491	1.245950e-09
0.0	7.0	1.0	8.02491	8.005870e-09
0.0	-7.0	-1.0	8.02491	8.005870e-09
0.0	7.0	-1.0	8.02491	1.245950e-09
4.0	3.0	0.0	8.06034	2.394294e-09
-4.0	-3.0	0.0	8.06034	2.394294e-09
-4.0	3.0	0.0	8.06034	1.681249e-09
4.0	-3.0	0.0	8.06034	1.681249e-09
3.0	-3.0	-4.0	8.06161	2.090968e-07
-3.0	3.0	4.0	8.06161	2.090968e-07
-3.0	3.0	-4.0	8.06161	2.061893e-07
3.0	3.0	-4.0	8.06161	1.997874e-07
3.0	3.0	4.0	8.06161	2.027755e-07
3.0	-3.0	4.0	8.06161	2.061893e-07
-3.0	-3.0	-4.0	8.06161	2.027755e-07
-3.0	-3.0	4.0	8.06161	1.997874e-07
-2.0	6.0	-2.0	8.08943	4.621977e-06
-2.0	-6.0	-2.0	8.08943	4.642975e-06
2.0	-6.0	-2.0	8.08943	4.626245e-06
-2.0	-6.0	2.0	8.08943	4.635378e-06
2.0	6.0	2.0	8.08943	4.642975e-06
-2.0	6.0	2.0	8.08943	4.626245e-06
2.0	6.0	-2.0	8.08943	4.635378e-06
2.0	-6.0	2.0	8.08943	4.621977e-06
2.0	0.0	-6.0	8.12238	3.764423e-06
-2.0	0.0	6.0	8.12238	3.764423e-06
-2.0	0.0	-6.0	8.12238	3.769339e-06
2.0	0.0	6.0	8.12238	3.769339e-06
-1.0	7.0	0.0	8.14098	1.538355e-06
1.0	-7.0	0.0	8.14098	1.538355e-06
-1.0	-7.0	0.0	8.14098	1.533904e-06
1.0	7.0	0.0	8.14098	1.533904e-06
-4.0	3.0	-1.0	8.15051	2.034363e-09
4.0	-3.0	-1.0	8.15051	1.186160e-09
-4.0	3.0	1.0	8.15051	1.186160e-09
4.0	-3.0	1.0	8.15051	2.034363e-09
4.0	3.0	-1.0	8.15051	2.821485e-09
-4.0	-3.0	1.0	8.15051	2.821485e-09
4.0	3.0	1.0	8.15051	1.634176e-09
-4.0	-3.0	-1.0	8.15051	1.634176e-09
1.0	3.0	-6.0	8.21698	4.135125e-06
1.0	-3.0	-6.0	8.21698	4.184579e-06
-1.0	3.0	-6.0	8.21698	4.151220e-06
-1.0	-3.0	6.0	8.21698	4.135125e-06
-1.0	3.0	6.0	8.21698	4.184579e-06
1.0	-3.0	6.0	8.21698	4.151220e-06
1.0	3.0	6.0	8.21698	4.171460e-06
-1.0	-3.0	-6.0	8.21698	4.171460e-06
1.0	-7.0	1.0	8.23026	2.282038e-06
-1.0	7.0	1.0	8.23026	2.221226e-06
1.0	-7.0	-1.0	8.23026	2.221226e-06
-1.0	7.0	-1.0	8.23026	2.282038e-06
1.0	7.0	1.0	8.23026	2.214726e-06
-1.0	-7.0	1.0	8.23026	2.285070e-06
-1.0	-7.0	-1.0	8.23026	2.214726e-06
1.0	7.0	-1.0	8.23026	2.285070e-06
4.0	-1.0	3.0	8.23703	1.097349e-09
-4.0	1.0	-3.0	8.23703	1.097349e-09
4.0	1.0	-3.0	8.23703	1.373441e-09
-4.0	-1.0	3.0	8.23703	1.373441e-09
-3.0	1.0	-5.0	8.23828	1.271967e-06
-3.0	-1.0	5.0	8.23828	1.280149e-06
3.0	-1.0	5.0	8.23828	1.271967e-06
3.0	1.0	-5.0	8.23828	1.280149e-06
3.0	-1.0	-5.0	8.23828	1.170137e-06
3.0	1.0	5.0	8.23828	1.165741e-06
-3.0	1.0	5.0	8.23828	1.170137e-06
-3.0	-1.0	-5.0	8.23828	1.165741e-06
3.0	5.0	-2.0	8.24623	2.069360e-08
-3.0	5.0	-2.0	8.24623	2.266149e-08
-3.0	5.0	2.0	8.24623	2.580839e-08
3.0	5.0	2.0	8.24623	2.430041e-08
3.0	-5.0	-2.0	8.24623	2.580839e-08
3.0	-5.0	2.0	8.24623	2.266149e-08
-3.0	-5.0	2.0	8.24623	2.069360e-08
-3.0	-5.0	-2.0	8.24623	2.430041e-08
0.0	-5.0	5.0	8.28572	6.255449e-09
0.0	-5.0	-5.0	8.28572	1.449965e-09
0.0	5.0	-5.0	8.28572	6.255449e-09
0.0	5.0	5.0	8.28572	1.449965e-09
0.0	7.0	2.0	8.29363	3.199852e-09
0.0	-7.0	-2.0	8.29363	3.199852e-09
0.0	6.0	-4.0	8.34427	4.058271e-07
0.0	-6.0	-4.0	8.34427	4.046607e-07
0.0	-6.0	4.0	8.34427	4.058271e-07
0.0	6.0	4.0	8.34427	4.046607e-07
-2.0	-4.0	-5.0	8.39318	6.262400e-07
2.0	4.0	5.0	8.39318	6.262400e-07
2.0	4.0	-5.0	8.39318	6.551717e-07
2.0	-4.0	-5.0	8.39318	6.359785e-07
-2.0	4.0	-5.0	8.39318	6.463232e-07
-2.0	4.0	5.0	8.39318	6.359785e-07
2.0	-4.0	5.0	8.39318	6.463232e-07
-2.0	-4.0	5.0	8.39318	6.551717e-07
-4.0	3.0	-2.0	8.41521	1.574098e-09
4.0	3.0	-2.0	8.41521	2.169645e-09
4.0	-3.0	2.0	8.41521	1.574098e-09
-4.0	-3.0	2.0	8.41521	2.169645e-09
-2.0	-2.0	6.0	8.43272	6.191448e-07
2.0	-2.0	-6.0	8.43272	5.989013e-07
-2.0	2.0	6.0	8.43272	5.989013e-07
2.0	-2.0	6.0	8.43272	6.277531e-07
2.0	2.0	6.0	8.43272	5.920890e-07
-2.0	-2.0	-6.0	8.43272	5.920890e-07
2.0	2.0	-6.0	8.43272	6.191448e-07
-2.0	2.0	-6.0	8.43272	6.277531e-07
0.0	0.0	7.0	8.46302	3.272775e-09
0.0	0.0	-7.0	8.46302	3.272775e-09
4.0	2.0	-3.0	8.46771	2.266398e-07
-4.0	-2.0	3.0	8.46771	2.266398e-07
-4.0	2.0	-3.0	8.46771	2.314943e-07
-4.0	2.0	3.0	8.46771	2.877893e-07
-4.0	-2.0	-3.0	8.46771	2.912661e-07
4.0	-2.0	-3.0	8.46771	2.877893e-07
4.0	-2.0	3.0	8.46771	2.314943e-07
4.0	2.0	3.0	8.46771	2.912661e-07
3.0	2.0	5.0	8.46892	1.055012e-09
-3.0	-2.0	-5.0	8.46892	1.055012e-09
-1.0	-5.0	5.0	8.48476	8.734394e-07
-1.0	-5.0	-5.0	8.48476	8.665696e-07
-1.0	5.0	5.0	8.48476	8.618481e-07
1.0	-5.0	5.0	8.48476	8.794036e-07
1.0	5.0	5.0	8.48476	8.665696e-07
1.0	-5.0	-5.0	8.48476	8.618481e-07
-1.0	5.0	-5.0	8.48476	8.794036e-07
1.0	5.0	-5.0	8.48476	8.734394e-07
1.0	7.0	2.0	8.49248	2.456252e-08
-1.0	-7.0	-2.0	8.49248	2.456252e-08
-1.0	7.0	2.0	8.49248	2.532829e-08
-1.0	7.0	-2.0	8.49248	2.487949e-08
1.0	-7.0	2.0	8.49248	2.487949e-08
1.0	7.0	-2.0	8.49248	2.463841e-08
1.0	-7.0	-2.0	8.49248	2.532829e-08
-1.0	-7.0	2.0	8.49248	2.463841e-08
0.0	-1.0	-7.0	8.53856	2.299119e-09
0.0	1.0	-7.0	8.53856	3.373520e-09
0.0	-1.0	7.0	8.53856	3.373520e-09
0.0	1.0	7.0	8.53856	2.299119e-09
1.0	-6.0	4.0	8.54195	1.601144e-09
1.0	6.0	-4.0	8.54195	1.354010e-09
-1.0	6.0	-4.0	8.54195	1.601144e-09
-1.0	-6.0	4.0	8.54195	1.354010e-09
0.0	4.0	-6.0	8.55405	4.203812e-07
0.0	-4.0	-6.0	8.55405	4.568343e-07
0.0	-4.0	6.0	8.55405	4.203812e-07
0.0	4.0	6.0	8.55405	4.568343e-07
4.0	-4.0	0.0	8.60001	4.733820e-08
4.0	4.0	0.0	8.60001	4.432218e-08
-4.0	4.0	0.0	8.60001	4.733820e-08
-4.0	-4.0	0.0	8.60001	4.432218e-08
3.0	5.0	-3.0	8.67806	1.924503e-07
-3.0	-5.0	3.0	8.67806	1.924503e-07
-3.0	5.0	-3.0	8.67806	1.972009e-07
3.0	-5.0	3.0	8.67806	1.972009e-07
3.0	-5.0	-3.0	8.67806	2.246997e-07
-3.0	5.0	3.0	8.67806	2.246997e-07
-3.0	-5.0	-3.0	8.67806	2.288017e-07
3.0	5.0	3.0	8.67806	2.288017e-07
4.0	4.0	-1.0	8.68457	1.395274e-08
4.0	-4.0	-1.0	8.68457	2.831645e-09
-4.0	-4.0	-1.0	8.68457	2.239438e-09
-4.0	4.0	1.0	8.68457	2.831645e-09
-4.0	-4.0	1.0	8.68457	1.395274e-08
-4.0	4.0	-1.0	8.68457	1.221636e-08
4.0	-4.0	1.0	8.68457	1.221636e-08
4.0	4.0	1.0	8.68457	2.239438e-09
0.0	7.0	3.0	8.72311	1.083852e-09
0.0	-7.0	-3.0	8.72311	1.083852e-09
-1.0	-1.0	7.0	8.73185	3.097199e-08
1.0	1.0	7.0	8.73185	4.631234e-08
-1.0	-1.0	-7.0	8.73185	4.631234e-08
1.0	1.0	-7.0	8.73185	3.097199e-08
-1.0	1.0	7.0	8.73185	4.641688e-08
1.0	-1.0	-7.0	8.73185	4.641688e-08
1.0	-1.0	7.0	8.73185	3.019551e-08
-1.0	1.0	-7.0	8.73185	3.019551e-08
1.0	4.0	-6.0	8.74699	1.165075e-09
1.0	-4.0	6.0	8.74699	1.250599e-09
-1.0	4.0	-6.0	8.74699	1.250599e-09
-1.0	-4.0	6.0	8.74699	1.165075e-09
0.0	2.0	-7.0	8.76130	1.375935e-07
0.0	-2.0	-7.0	8.76130	9.799381e-08
0.0	2.0	7.0	8.76130	9.799381e-08
0.0	-2.0	7.0	8.76130	1.375935e-07
-4.0	0.0	4.0	8.76334	1.023698e-07
4.0	0.0	-4.0	8.76334	1.023698e-07
-4.0	0.0	-4.0	8.76334	1.018109e-07
4.0	0.0	4.0	8.76334	1.018109e-07
2.0	3.0	-6.0	8.80528	1.339906e-09
2.0	-3.0	6.0	8.80528	1.495968e-09
-2.0	3.0	-6.0	8.80528	1.495968e-09
-2.0	-3.0	6.0	8.80528	1.339906e-09
4.0	3.0	-3.0	8.83879	1.279160e-09
-4.0	-3.0	3.0	8.83879	1.279160e-09
3.0	-3.0	5.0	8.83995	1.253551e-09
3.0	3.0	-5.0	8.83995	1.621942e-09
-3.0	-3.0	5.0	8.83995	1.621942e-09
-3.0	3.0	-5.0	8.83995	1.253551e-09
1.0	7.0	3.0	8.91239	2.256952e-07
-1.0	7.0	-3.0	8.91239	2.346654e-07
1.0	-7.0	3.0	8.91239	2.346654e-07
-1.0	7.0	3.0	8.91239	2.266945e-07
-1.0	-7.0	-3.0	8.91239	2.256952e-07
1.0	-7.0	-3.0	8.91239	2.266945e-07
1.0	7.0	-3.0	8.91239	2.349884e-07
-1.0	-7.0	3.0	8.91239	2.349884e-07
-4.0	-4.0	2.0	8.93347	2.719506e-07
4.0	4.0	-2.0	8.93347	2.719506e-07
4.0	-4.0	2.0	8.93347	2.782155e-07
4.0	4.0	2.0	8.93347	2.778675e-07
-4.0	4.0	-2.0	8.93347	2.782155e-07
-4.0	4.0	2.0	8.93347	2.834829e-07
4.0	-4.0	-2.0	8.93347	2.834829e-07
-4.0	-4.0	-2.0	8.93347	2.778675e-07
-4.0	-2.0	4.0	9.05173	8.824265e-09
4.0	2.0	4.0	9.05173	8.570517e-09
4.0	-2.0	-4.0	9.05173	8.046965e-09
-4.0	2.0	-4.0	9.05173	7.932469e-09
4.0	-2.0	4.0	9.05173	7.932469e-09
4.0	2.0	-4.0	9.05173	8.824265e-09
-4.0	-2.0	-4.0	9.05173	8.570517e-09
-4.0	2.0	4.0	9.05173	8.046965e-09
3.0	6.0	-2.0	9.06251	1.589366e-09
-3.0	-6.0	2.0	9.06251	1.589366e-09
3.0	-6.0	2.0	9.06251	1.138591e-09
-3.0	6.0	-2.0	9.06251	1.138591e-09
0.0	-8.0	0.0	9.06665	6.681937e-08
0.0	8.0	0.0	9.06665	6.681937e-08
0.0	6.0	5.0	9.09846	1.236057e-09
0.0	-6.0	-5.0	9.09846	1.236057e-09
0.0	-6.0	5.0	9.09846	1.273030e-09
0.0	6.0	-5.0	9.09846	1.273030e-09
2.0	-6.0	-4.0	9.10928	8.565611e-09
-2.0	6.0	-4.0	9.10928	8.957789e-09
-2.0	-6.0	4.0	9.10928	9.190950e-09
2.0	6.0	4.0	9.10928	9.165463e-09
2.0	-6.0	4.0	9.10928	8.957789e-09
-2.0	-6.0	-4.0	9.10928	9.165463e-09
-2.0	6.0	4.0	9.10928	8.565611e-09
2.0	6.0	-4.0	9.10928	9.190950e-09
0.0	-3.0	7.0	9.12045	1.601918e-09
0.0	3.0	-7.0	9.12045	1.601918e-09
0.0	-8.0	-1.0	9.14690	2.137651e-07
0.0	8.0	1.0	9.14690	2.137651e-07
0.0	8.0	-1.0	9.14690	1.892998e-07
0.0	-8.0	1.0	9.14690	1.892998e-07
3.0	-1.0	6.0	9.16230	1.807344e-07
3.0	1.0	6.0	9.16230	1.828588e-07
-3.0	-1.0	6.0	9.16230	1.827246e-07
-3.0	1.0	-6.0	9.16230	1.807344e-07
-3.0	-1.0	-6.0	9.16230	1.828588e-07
3.0	-1.0	-6.0	9.16230	1.821414e-07
-3.0	1.0	6.0	9.16230	1.821414e-07
3.0	1.0	-6.0	9.16230	1.827246e-07
5.0	-1.0	0.0	9.20523	8.659977e-08
-5.0	1.0	0.0	9.20523	8.659977e-08
-5.0	-1.0	0.0	9.20523	8.466566e-08
5.0	1.0	0.0	9.20523	8.466566e-08
4.0	5.0	0.0	9.24771	1.585118e-09
-4.0	-5.0	0.0	9.24771	1.585118e-09
3.0	5.0	4.0	9.24881	3.146564e-09
-3.0	5.0	-4.0	9.24881	1.605458e-09
3.0	-5.0	4.0	9.24881	1.605458e-09
-3.0	5.0	4.0	9.24881	2.521068e-09
-3.0	-5.0	4.0	9.24881	1.977988e-09
3.0	5.0	-4.0	9.24881	1.977988e-09
3.0	-5.0	-4.0	9.24881	2.521068e-09
-3.0	-5.0	-4.0	9.24881	3.146564e-09
-5.0	1.0	-1.0	9.28428	8.923378e-08
5.0	1.0	1.0	9.28428	6.201644e-08
5.0	-1.0	-1.0	9.28428	6.334369e-08
5.0	1.0	-1.0	9.28428	9.114081e-08
-5.0	1.0	1.0	9.28428	6.334369e-08
-5.0	-1.0	-1.0	9.28428	6.201644e-08
-5.0	-1.0	1.0	9.28428	9.114081e-08
5.0	-1.0	1.0	9.28428	8.923378e-08
1.0	3.0	7.0	9.30165	3.539873e-09
1.0	-3.0	7.0	9.30165	1.599246e-09
-1.0	3.0	7.0	9.30165	3.674062e-09
1.0	-3.0	-7.0	9.30165	3.674062e-09
1.0	3.0	-7.0	9.30165	1.668692e-09
-1.0	-3.0	7.0	9.30165	1.668692e-09
-1.0	3.0	-7.0	9.30165	1.599246e-09
-1.0	-3.0	-7.0	9.30165	3.539873e-09
2.0	-4.0	6.0	9.30183	1.116409e-07
-2.0	4.0	-6.0	9.30183	1.116409e-07
-2.0	-4.0	6.0	9.30183	1.141620e-07
-2.0	4.0	6.0	9.30183	1.062214e-07
2.0	-4.0	-6.0	9.30183	1.062214e-07
2.0	4.0	6.0	9.30183	1.089527e-07
-2.0	-4.0	-6.0	9.30183	1.089527e-07
2.0	4.0	-6.0	9.30183	1.141620e-07
-4.0	-5.0	-1.0	9.32640	1.635676e-09
4.0	5.0	1.0	9.32640	1.635676e-09
-4.0	-5.0	1.0	9.32640	1.050828e-09
-4.0	5.0	1.0	9.32640	1.050582e-09
4.0	-5.0	-1.0	9.32640	1.050582e-09
4.0	5.0	-1.0	9.32640	1.050828e-09
4.0	4.0	3.0	9.33356	9.515357e-07
4.0	4.0	-3.0	9.33356	1.050001e-06
-4.0	4.0	-3.0	9.33356	1.039912e-06
-4.0	4.0	3.0	9.33356	9.595350e-07
4.0	-4.0	3.0	9.33356	1.039912e-06
-4.0	-4.0	-3.0	9.33356	9.515357e-07
-4.0	-4.0	3.0	9.33356	1.050001e-06
4.0	-4.0	-3.0	9.33356	9.595350e-07
-3.0	-4.0	5.0	9.33466	1.203399e-09
3.0	4.0	-5.0	9.33466	1.203399e-09
0.0	8.0	2.0	9.38354	6.340026e-08
0.0	-8.0	2.0	9.38354	6.310759e-08
0.0	-8.0	-2.0	9.38354	6.340026e-08
0.0	8.0	-2.0	9.38354	6.310759e-08
-1.0	5.0	6.0	9.38455	1.819575e-07
1.0	-5.0	6.0	9.38455	1.863037e-07
1.0	-5.0	-6.0	9.38455	1.819575e-07
-1.0	5.0	-6.0	9.38455	1.863037e-07
-1.0	-5.0	-6.0	9.38455	1.837761e-07
-1.0	-5.0	6.0	9.38455	1.881383e-07
1.0	5.0	-6.0	9.38455	1.881383e-07
1.0	5.0	6.0	9.38455	1.837761e-07
-3.0	6.0	-3.0	9.45714	1.064715e-09
-3.0	-6.0	3.0	9.45714	1.586275e-09
3.0	-6.0	3.0	9.45714	1.064715e-09
3.0	6.0	-3.0	9.45714	1.586275e-09
1.0	-7.0	4.0	9.46903	1.956185e-08
1.0	7.0	4.0	9.46903	1.888801e-08
-1.0	-7.0	4.0	9.46903	1.971896e-08
-1.0	7.0	-4.0	9.46903	1.956185e-08
-1.0	7.0	4.0	9.46903	1.900616e-08
-1.0	-7.0	-4.0	9.46903	1.888801e-08
1.0	-7.0	-4.0	9.46903	1.900616e-08
1.0	7.0	-4.0	9.46903	1.971896e-08
2.0	2.0	-7.0	9.49277	4.139010e-08
-2.0	2.0	7.0	9.49277	4.491033e-08
2.0	-2.0	-7.0	9.49277	4.491033e-08
-2.0	-2.0	-7.0	9.49277	4.347785e-08
2.0	2.0	7.0	9.49277	4.347785e-08
-2.0	-2.0	7.0	9.49277	4.139010e-08
2.0	-2.0	7.0	9.49277	3.959623e-08
-2.0	2.0	-7.0	9.49277	3.959623e-08
-5.0	-1.0	-2.0	9.51751	1.609558e-07
-5.0	1.0	-2.0	9.51751	1.594640e-07
5.0	-1.0	2.0	9.51751	1.594640e-07
-5.0	-1.0	2.0	9.51751	1.570365e-07
5.0	-1.0	-2.0	9.51751	1.622522e-07
-5.0	1.0	2.0	9.51751	1.622522e-07
5.0	1.0	2.0	9.51751	1.609558e-07
5.0	1.0	-2.0	9.51751	1.570365e-07
-4.0	-5.0	-2.0	9.55860	1.311296e-09
4.0	5.0	2.0	9.55860	1.311296e-09
0.0	4.0	7.0	9.60071	4.818901e-08
0.0	4.0	-7.0	9.60071	5.999596e-08
0.0	-4.0	-7.0	9.60071	4.818901e-08
0.0	-4.0	7.0	9.60071	5.999596e-08
-3.0	-7.0	0.0	9.64262	8.367893e-08
3.0	-7.0	0.0	9.64262	8.399270e-08
-3.0	7.0	0.0	9.64262	8.399270e-08
3.0	7.0	0.0	9.64262	8.367893e-08
0.0	0.0	8.0	9.67202	5.847589e-07
0.0	0.0	-8.0	9.67202	5.847589e-07
3.0	3.0	6.0	9.70687	3.633107e-07
-3.0	3.0	6.0	9.70687	3.694293e-07
3.0	3.0	-6.0	9.70687	3.774037e-07
-3.0	3.0	-6.0	9.70687	3.818334e-07
-3.0	-3.0	-6.0	9.70687	3.633107e-07
3.0	-3.0	-6.0	9.70687	3.694293e-07
-3.0	-3.0	6.0	9.70687	3.774037e-07
3.0	-3.0	6.0	9.70687	3.818334e-07
3.0	-7.0	-1.0	9.71812	3.194403e-08
-3.0	-7.0	-1.0	9.71812	3.183705e-08
-3.0	-7.0	1.0	9.71812	4.187005e-08
-3.0	7.0	-1.0	9.71812	4.144642e-08
3.0	-7.0	1.0	9.71812	4.144642e-08
-3.0	7.0	1.0	9.71812	3.194403e-08
3.0	7.0	-1.0	9.71812	4.187005e-08
3.0	7.0	1.0	9.71812	3.183705e-08
0.0	1.0	-8.0	9.73819	2.041553e-09
0.0	1.0	8.0	9.73819	1.187114e-09
0.0	-1.0	-8.0	9.73819	1.187114e-09
0.0	-1.0	8.0	9.73819	2.041553e-09
5.0	3.0	0.0	9.74739	3.942232e-06
-5.0	3.0	0.0	9.74739	3.933139e-06
5.0	-3.0	0.0	9.74739	3.933139e-06
-5.0	-3.0	0.0	9.74739	3.942232e-06
-4.0	2.0	-5.0	9.75136	1.215656e-06
-4.0	-2.0	-5.0	9.75136	1.308301e-06
4.0	-2.0	5.0	9.75136	1.215656e-06
4.0	2.0	-5.0	9.75136	1.206415e-06
4.0	2.0	5.0	9.75136	1.308301e-06
-4.0	-2.0	5.0	9.75136	1.206415e-06
-4.0	2.0	5.0	9.75136	1.302695e-06
4.0	-2.0	-5.0	9.75136	1.302695e-06
0.0	-8.0	3.0	9.76521	4.896516e-07
0.0	-8.0	-3.0	9.76521	5.191048e-07
0.0	8.0	-3.0	9.76521	4.896516e-07
0.0	8.0	3.0	9.76521	5.191048e-07
-2.0	-8.0	0.0	9.77529	2.668002e-08
-2.0	8.0	0.0	9.77529	2.580613e-08
2.0	-8.0	0.0	9.77529	2.580613e-08
2.0	8.0	0.0	9.77529	2.668002e-08
5.0	3.0	1.0	9.82209	5.815364e-09
-5.0	-3.0	1.0	9.82209	3.136820e-09
5.0	-3.0	1.0	9.82209	2.431645e-09
-5.0	-3.0	-1.0	9.82209	5.815364e-09
-5.0	3.0	1.0	9.82209	4.704681e-09
5.0	-3.0	-1.0	9.82209	4.704681e-09
5.0	3.0	-1.0	9.82209	3.136820e-09
-5.0	3.0	-1.0	9.82209	2.431645e-09
-2.0	-8.0	-1.0	9.84977	1.484896e-09
2.0	8.0	1.0	9.84977	1.484896e-09
2.0	-8.0	-1.0	9.84977	1.487078e-09
-2.0	8.0	1.0	9.84977	1.487078e-09
-4.0	4.0	-4.0	9.86646	1.431747e-09
4.0	4.0	-4.0	9.86646	1.952411e-09
4.0	-4.0	4.0	9.86646	1.431747e-09
-4.0	-4.0	4.0	9.86646	1.952411e-09
-5.0	-1.0	-3.0	9.89401	3.207657e-06
-5.0	1.0	3.0	9.89401	3.208738e-06
-5.0	1.0	-3.0	9.89401	3.318260e-06
5.0	-1.0	3.0	9.89401	3.318260e-06
5.0	1.0	-3.0	9.89401	3.328549e-06
5.0	1.0	3.0	9.89401	3.207657e-06
-5.0	-1.0	3.0	9.89401	3.328549e-06
5.0	-1.0	-3.0	9.89401	3.208738e-06
-1.0	-1.0	8.0	9.90810	8.616627e-07
-1.0	1.0	-8.0	9.90810	8.589917e-07
-1.0	-1.0	-8.0	9.90810	8.630835e-07
-1.0	1.0	8.0	9.90810	8.624174e-07
1.0	-1.0	8.0	9.90810	8.589917e-07
1.0	1.0	8.0	9.90810	8.630835e-07
1.0	1.0	-8.0	9.90810	8.616627e-07
1.0	-1.0	-8.0	9.90810	8.624174e-07
0.0	-2.0	8.0	9.93407	1.028548e-06
0.0	2.0	8.0	9.93407	9.953185e-07
0.0	-2.0	-8.0	9.93407	9.953185e-07
0.0	2.0	-8.0	9.93407	1.028548e-06
-3.0	5.0	-5.0	9.93457	1.307440e-06
-3.0	5.0	5.0	9.93457	1.368563e-06
3.0	-5.0	5.0	9.93457	1.307440e-06
3.0	-5.0	-5.0	9.93457	1.368563e-06
3.0	5.0	5.0	9.93457	1.375820e-06
-3.0	-5.0	-5.0	9.93457	1.375820e-06
3.0	5.0	-5.0	9.93457	1.300330e-06
-3.0	-5.0	5.0	9.93457	1.300330e-06
-1.0	-8.0	-3.0	9.93465	1.093745e-09
1.0	8.0	3.0	9.93465	1.093745e-09
-3.0	7.0	-2.0	9.94117	9.257478e-08
-3.0	-7.0	2.0	9.94117	9.307780e-08
3.0	-7.0	2.0	9.94117	9.257478e-08
3.0	-7.0	-2.0	9.94117	9.342241e-08
-3.0	-7.0	-2.0	9.94117	9.336010e-08
3.0	7.0	-2.0	9.94117	9.307780e-08
-3.0	7.0	2.0	9.94117	9.342241e-08
3.0	7.0	2.0	9.94117	9.336010e-08
0.0	-6.0	6.0	9.94286	1.391946e-07
0.0	6.0	-6.0	9.94286	1.391946e-07
0.0	-6.0	-6.0	9.94286	1.486490e-07
0.0	6.0	6.0	9.94286	1.486490e-07
4.0	6.0	0.0	9.98243	3.065504e-06
-4.0	6.0	0.0	9.98243	3.063600e-06
-4.0	-6.0	0.0	9.98243	3.065504e-06
4.0	-6.0	0.0	9.98243	3.063600e-06
-3.0	-6.0	4.0	9.98346	1.063490e-09
3.0	6.0	-4.0	9.98346	1.063490e-09
5.0	-3.0	-2.0	10.04283	3.302666e-06
-5.0	-3.0	-2.0	10.04283	3.313614e-06
5.0	-3.0	2.0	10.04283	3.304334e-06
-5.0	-3.0	2.0	10.04283	3.305972e-06
-5.0	3.0	2.0	10.04283	3.302666e-06
5.0	3.0	-2.0	10.04283	3.305972e-06
5.0	3.0	2.0	10.04283	3.313614e-06
-5.0	3.0	-2.0	10.04283	3.304334e-06
4.0	6.0	-1.0	10.05538	7.286255e-09
-4.0	6.0	-1.0	10.05538	5.794795e-09
4.0	-6.0	-1.0	10.05538	9.335683e-09
4.0	6.0	1.0	10.05538	1.108796e-08
4.0	-6.0	1.0	10.05538	5.794795e-09
-4.0	-6.0	-1.0	10.05538	1.108796e-08
-4.0	6.0	1.0	10.05538	9.335683e-09
-4.0	-6.0	1.0	10.05538	7.286255e-09
2.0	-8.0	-2.0	10.06991	1.270352e-07
2.0	-8.0	2.0	10.06991	1.286780e-07
-2.0	8.0	-2.0	10.06991	1.286780e-07
-2.0	8.0	2.0	10.06991	1.270352e-07
-2.0	-8.0	-2.0	10.06991	1.294139e-07
-2.0	-8.0	2.0	10.06991	1.303396e-07
2.0	8.0	-2.0	10.06991	1.303396e-07
2.0	8.0	2.0	10.06991	1.294139e-07
-1.0	7.0	5.0	10.13991	1.258436e-06
1.0	-7.0	-5.0	10.13991	1.258436e-06
1.0	7.0	5.0	10.13991	1.259791e-06
1.0	7.0	-5.0	10.13991	1.274257e-06
-1.0	7.0	-5.0	10.13991	1.274770e-06
1.0	-7.0	5.0	10.13991	1.274770e-06
-1.0	-7.0	5.0	10.13991	1.274257e-06
-1.0	-7.0	-5.0	10.13991	1.259791e-06
-3.0	1.0	7.0	10.14641	4.074201e-07
-3.0	1.0	-7.0	10.14641	4.556533e-07
3.0	1.0	-7.0	10.14641	4.572977e-07
-3.0	-1.0	7.0	10.14641	4.572977e-07
-3.0	-1.0	-7.0	10.14641	4.067395e-07
3.0	-1.0	-7.0	10.14641	4.074201e-07
3.0	1.0	7.0	10.14641	4.067395e-07
3.0	-1.0	7.0	10.14641	4.556533e-07
0.0	-9.0	0.0	10.19998	2.530839e-09
0.0	9.0	0.0	10.19998	2.530839e-09
0.0	-3.0	-8.0	10.25221	1.268503e-09
0.0	-3.0	8.0	10.25221	2.804661e-09
0.0	3.0	8.0	10.25221	1.268503e-09
0.0	3.0	-8.0	10.25221	2.804661e-09
4.0	-6.0	2.0	10.27111	3.618977e-06
-4.0	6.0	2.0	10.27111	3.621534e-06
4.0	6.0	-2.0	10.27111	3.614999e-06
4.0	-6.0	-2.0	10.27111	3.621534e-06
-4.0	-6.0	2.0	10.27111	3.614999e-06
-4.0	-6.0	-2.0	10.27111	3.626641e-06
-4.0	6.0	-2.0	10.27111	3.618977e-06
4.0	6.0	2.0	10.27111	3.626641e-06
0.0	9.0	-1.0	10.27138	2.323446e-09
0.0	-9.0	-1.0	10.27138	2.030576e-09
0.0	-9.0	1.0	10.27138	2.323446e-09
0.0	9.0	1.0	10.27138	2.030576e-09
2.0	4.0	7.0	10.27258	5.995078e-07
2.0	-4.0	7.0	10.27258	6.278904e-07
2.0	-4.0	-7.0	10.27258	6.038641e-07
-2.0	4.0	7.0	10.27258	6.038641e-07
-2.0	-4.0	7.0	10.27258	6.317037e-07
-2.0	4.0	-7.0	10.27258	6.278904e-07
2.0	4.0	-7.0	10.27258	6.317037e-07
-2.0	-4.0	-7.0	10.27258	5.995078e-07
0.0	-8.0	4.0	10.27575	3.492726e-09
0.0	-8.0	-4.0	10.27575	5.125655e-09
0.0	8.0	-4.0	10.27575	3.492726e-09
0.0	8.0	4.0	10.27575	5.125655e-09
4.0	0.0	-6.0	10.29708	3.651514e-06
4.0	0.0	6.0	10.29708	3.648805e-06
-4.0	0.0	6.0	10.29708	3.651514e-06
-4.0	0.0	-6.0	10.29708	3.648805e-06
3.0	7.0	3.0	10.30220	2.954368e-06
3.0	-7.0	3.0	10.30220	3.001541e-06
-3.0	-7.0	3.0	10.30220	3.001384e-06
3.0	-7.0	-3.0	10.30220	2.949856e-06
-3.0	7.0	3.0	10.30220	2.949856e-06
3.0	7.0	-3.0	10.30220	3.001384e-06
-3.0	-7.0	-3.0	10.30220	2.954368e-06
-3.0	7.0	-3.0	10.30220	3.001541e-06
-2.0	0.0	-8.0	10.33926	3.206634e-06
-2.0	0.0	8.0	10.33926	3.204194e-06
2.0	0.0	-8.0	10.33926	3.204194e-06
2.0	0.0	8.0	10.33926	3.206634e-06
-1.0	5.0	-7.0	10.34754	4.328589e-07
1.0	5.0	7.0	10.34754	4.372591e-07
-1.0	-5.0	7.0	10.34754	4.311745e-07
1.0	-5.0	7.0	10.34754	4.328589e-07
1.0	-5.0	-7.0	10.34754	4.346531e-07
-1.0	-5.0	-7.0	10.34754	4.372591e-07
-1.0	5.0	7.0	10.34754	4.346531e-07
1.0	5.0	-7.0	10.34754	4.311745e-07
1.0	-9.0	0.0	10.36232	3.262892e-06
1.0	9.0	0.0	10.36232	3.255679e-06
-1.0	-9.0	0.0	10.36232	3.255679e-06
-1.0	9.0	0.0	10.36232	3.262892e-06
5.0	-1.0	4.0	10.39823	2.795362e-07
5.0	-1.0	-4.0	10.39823	2.850736e-07
5.0	1.0	-4.0	10.39823	2.816644e-07
-5.0	1.0	-4.0	10.39823	2.795362e-07
-5.0	-1.0	-4.0	10.39823	2.849028e-07
-5.0	1.0	4.0	10.39823	2.850736e-07
5.0	1.0	4.0	10.39823	2.849028e-07
-5.0	-1.0	4.0	10.39823	2.816644e-07
5.0	-3.0	3.0	10.40033	2.093803e-08
-5.0	-3.0	3.0	10.40033	2.126636e-08
5.0	-3.0	-3.0	10.40033	1.615403e-08
-5.0	-3.0	-3.0	10.40033	1.562650e-08
-5.0	3.0	3.0	10.40033	1.615403e-08
5.0	3.0	3.0	10.40033	1.562650e-08
-5.0	3.0	-3.0	10.40033	2.093803e-08
5.0	3.0	-3.0	10.40033	2.126636e-08
2.0	-1.0	8.0	10.40119	1.237365e-09
-2.0	1.0	-8.0	10.40119	1.237365e-09
-1.0	3.0	8.0	10.41374	2.785900e-06
1.0	3.0	8.0	10.41374	2.778453e-06
1.0	-3.0	-8.0	10.41374	2.785900e-06
-1.0	3.0	-8.0	10.41374	2.769996e-06
1.0	-3.0	8.0	10.41374	2.769996e-06
1.0	3.0	-8.0	10.41374	2.762268e-06
-1.0	-3.0	-8.0	10.41374	2.778453e-06
-1.0	-3.0	8.0	10.41374	2.762268e-06
-2.0	8.0	3.0	10.42648	3.433141e-06
-2.0	8.0	-3.0	10.42648	3.371153e-06
2.0	-8.0	3.0	10.42648	3.371153e-06
-2.0	-8.0	-3.0	10.42648	3.423678e-06
2.0	8.0	-3.0	10.42648	3.379238e-06
2.0	-8.0	-3.0	10.42648	3.433141e-06
2.0	8.0	3.0	10.42648	3.423678e-06
-2.0	-8.0	3.0	10.42648	3.379238e-06
-1.0	-9.0	-1.0	10.43261	1.515787e-08
1.0	-9.0	-1.0	10.43261	1.441798e-08
1.0	9.0	1.0	10.43261	1.515787e-08
-1.0	-9.0	1.0	10.43261	1.601058e-08
-1.0	9.0	1.0	10.43261	1.441798e-08
1.0	9.0	-1.0	10.43261	1.601058e-08
-1.0	9.0	-1.0	10.43261	1.576926e-08
1.0	-9.0	1.0	10.43261	1.576926e-08
4.0	-5.0	4.0	10.43585	1.145501e-09
-4.0	-5.0	4.0	10.43585	1.629827e-09
-4.0	5.0	-4.0	10.43585	1.145501e-09
4.0	5.0	-4.0	10.43585	1.629827e-09
0.0	-9.0	2.0	10.48266	2.118358e-09
0.0	9.0	2.0	10.48266	1.479634e-09
0.0	9.0	-2.0	10.48266	2.118358e-09
0.0	-9.0	-2.0	10.48266	1.479634e-09
4.0	-4.0	-5.0	10.51201	4.665027e-06
4.0	4.0	5.0	10.51201	4.660008e-06
4.0	4.0	-5.0	10.51201	4.809172e-06
-4.0	-4.0	-5.0	10.51201	4.660008e-06
-4.0	4.0	-5.0	10.51201	4.798949e-06
-4.0	-4.0	5.0	10.51201	4.809172e-06
-4.0	4.0	5.0	10.51201	4.665027e-06
4.0	-4.0	5.0	10.51201	4.798949e-06
-4.0	2.0	6.0	10.54360	6.722361e-07
4.0	2.0	6.0	10.54360	6.760845e-07
-4.0	2.0	-6.0	10.54360	6.589419e-07
4.0	2.0	-6.0	10.54360	6.643703e-07
-4.0	-2.0	-6.0	10.54360	6.760845e-07
-4.0	-2.0	6.0	10.54360	6.643703e-07
4.0	-2.0	6.0	10.54360	6.589419e-07
4.0	-2.0	-6.0	10.54360	6.722361e-07
2.0	-2.0	8.0	10.58480	1.763621e-07
-2.0	2.0	8.0	10.58480	1.983787e-07
2.0	2.0	8.0	10.58480	2.008747e-07
2.0	2.0	-8.0	10.58480	1.792263e-07
-2.0	-2.0	-8.0	10.58480	2.008747e-07
2.0	-2.0	-8.0	10.58480	1.983787e-07
-2.0	2.0	-8.0	10.58480	1.763621e-07
-2.0	-2.0	8.0	10.58480	1.792263e-07
2.0	-6.0	-6.0	10.59305	3.700628e-06
2.0	6.0	6.0	10.59305	3.694157e-06
2.0	6.0	-6.0	10.59305	3.698849e-06
-2.0	-6.0	-6.0	10.59305	3.694157e-06
2.0	-6.0	6.0	10.59305	3.697397e-06
-2.0	6.0	6.0	10.59305	3.700628e-06
-2.0	-6.0	6.0	10.59305	3.698849e-06
-2.0	6.0	-6.0	10.59305	3.697397e-06
4.0	-6.0	-3.0	10.62093	1.768775e-08
-4.0	-6.0	3.0	10.62093	2.214236e-08
-4.0	-6.0	-3.0	10.62093	1.795807e-08
4.0	6.0	-3.0	10.62093	2.214236e-08
-4.0	6.0	-3.0	10.62093	2.169148e-08
4.0	6.0	3.0	10.62093	1.795807e-08
4.0	-6.0	3.0	10.62093	2.169148e-08
-4.0	6.0	3.0	10.62093	1.768775e-08
-1.0	-9.0	-2.0	10.64069	3.155749e-06
1.0	-9.0	-2.0	10.64069	3.160889e-06
1.0	-9.0	2.0	10.64069	3.153925e-06
1.0	9.0	2.0	10.64069	3.155749e-06
-1.0	9.0	2.0	10.64069	3.160889e-06
-1.0	9.0	-2.0	10.64069	3.153925e-06
-1.0	-9.0	2.0	10.64069	3.146937e-06
1.0	9.0	-2.0	10.64069	3.146937e-06
3.0	-3.0	-7.0	10.64073	5.904967e-08
-3.0	-3.0	-7.0	10.64073	6.083332e-08
3.0	3.0	-7.0	10.64073	5.085723e-08
-3.0	3.0	7.0	10.64073	5.904967e-08
3.0	-3.0	7.0	10.64073	5.208554e-08
-3.0	-3.0	7.0	10.64073	5.085723e-08
3.0	3.0	7.0	10.64073	6.083332e-08
-3.0	3.0	-7.0	10.64073	5.208554e-08
3.0	8.0	1.0	10.66341	1.365967e-09
-3.0	-8.0	-1.0	10.66341	1.365967e-09
-3.0	8.0	1.0	10.66341	1.020883e-09
3.0	-8.0	-1.0	10.66341	1.020883e-09
0.0	-4.0	8.0	10.68171	1.911933e-07
0.0	4.0	-8.0	10.68171	1.911933e-07
0.0	4.0	8.0	10.68171	1.624464e-07
0.0	-4.0	-8.0	10.68171	1.624464e-07
-3.0	5.0	6.0	10.71328	7.533242e-07
3.0	5.0	-6.0	10.71328	7.479488e-07
3.0	-5.0	-6.0	10.71328	7.533242e-07
-3.0	-5.0	6.0	10.71328	7.479488e-07
3.0	5.0	6.0	10.71328	7.587158e-07
-3.0	-5.0	-6.0	10.71328	7.587158e-07
-3.0	5.0	-6.0	10.71328	7.441062e-07
3.0	-5.0	6.0	10.71328	7.441062e-07
-5.0	5.0	0.0	10.75001	8.961743e-08
-5.0	-5.0	0.0	10.75001	8.905222e-08
5.0	5.0	0.0	10.75001	8.905222e-08
5.0	-5.0	0.0	10.75001	8.961743e-08
-3.0	-7.0	4.0	10.78736	2.536829e-07
3.0	7.0	-4.0	10.78736	2.536829e-07
3.0	-7.0	-4.0	10.78736	2.576301e-07
3.0	7.0	4.0	10.78736	2.557317e-07
-3.0	7.0	-4.0	10.78736	2.541267e-07
-3.0	-7.0	-4.0	10.78736	2.557317e-07
3.0	-7.0	4.0	10.78736	2.541267e-07
-3.0	7.0	4.0	10.78736	2.576301e-07
-5.0	5.0	1.0	10.81778	1.096986e-08
-5.0	-5.0	1.0	10.81778	1.088549e-08
5.0	5.0	-1.0	10.81778	1.088549e-08
5.0	-5.0	-1.0	10.81778	1.096986e-08
-5.0	5.0	-1.0	10.81778	1.049049e-08
5.0	-5.0	1.0	10.81778	1.049049e-08
5.0	5.0	1.0	10.81778	1.106987e-08
-5.0	-5.0	-1.0	10.81778	1.106987e-08
-2.0	9.0	0.0	10.83475	1.843222e-09
2.0	9.0	0.0	10.83475	1.924993e-09
2.0	-9.0	0.0	10.83475	1.843222e-09
-2.0	-9.0	0.0	10.83475	1.924993e-09
4.0	7.0	1.0	10.85395	1.609245e-09
-4.0	-7.0	-1.0	10.85395	1.609245e-09
0.0	6.0	7.0	10.85645	5.391629e-08
0.0	6.0	-7.0	10.85645	5.167075e-08
0.0	-6.0	-7.0	10.85645	5.391629e-08
0.0	-6.0	7.0	10.85645	5.167075e-08
-3.0	8.0	2.0	10.86708	1.187294e-09
3.0	-8.0	-2.0	10.86708	1.187294e-09
-3.0	-8.0	2.0	10.86708	1.292741e-09
3.0	8.0	-2.0	10.86708	1.292741e-09
3.0	8.0	2.0	10.86708	1.599540e-09
-3.0	-8.0	-2.0	10.86708	1.599540e-09
0.0	0.0	-9.0	10.88102	1.650577e-09
0.0	0.0	9.0	10.88102	1.650577e-09
-5.0	-3.0	4.0	10.88112	2.656054e-09
-5.0	3.0	4.0	10.88112	3.425026e-09
-5.0	-3.0	-4.0	10.88112	3.823566e-09
5.0	3.0	4.0	10.88112	3.823566e-09
5.0	-3.0	-4.0	10.88112	3.425026e-09
5.0	3.0	-4.0	10.88112	2.656054e-09
-5.0	3.0	-4.0	10.88112	2.639953e-09
5.0	-3.0	4.0	10.88112	2.639953e-09
-2.0	-3.0	-8.0	10.88394	1.004441e-09
-2.0	3.0	-8.0	10.88394	1.213993e-09
2.0	3.0	8.0	10.88394	1.004441e-09
2.0	-3.0	8.0	10.88394	1.213993e-09
0.0	-8.0	5.0	10.89707	4.652852e-06
0.0	-8.0	-5.0	10.89707	4.752377e-06
0.0	8.0	-5.0	10.89707	4.652852e-06
0.0	8.0	5.0	10.89707	4.752377e-06
-2.0	9.0	-1.0	10.90199	2.737808e-09
-2.0	-9.0	-1.0	10.90199	1.394548e-09
2.0	9.0	1.0	10.90199	1.394548e-09
-2.0	-9.0	1.0	10.90199	2.943452e-09
2.0	9.0	-1.0	10.90199	2.943452e-09
2.0	-9.0	1.0	10.90199	2.737808e-09
-2.0	9.0	1.0	10.90199	1.279899e-09
2.0	-9.0	-1.0	10.90199	1.279899e-09
1.0	-7.0	-6.0	10.90396	6.858296e-07
1.0	7.0	-6.0	10.90396	6.933962e-07
-1.0	7.0	6.0	10.90396	6.858296e-07
1.0	-7.0	6.0	10.90396	6.945470e-07
-1.0	7.0	-6.0	10.90396	6.945470e-07
-1.0	-7.0	-6.0	10.90396	6.845231e-07
1.0	7.0	6.0	10.90396	6.845231e-07
-1.0	-7.0	6.0	10.90396	6.933962e-07
-2.0	8.0	-4.0	10.90611	3.130739e-07
2.0	-8.0	4.0	10.90611	3.130739e-07
2.0	8.0	-4.0	10.90611	3.103966e-07
-2.0	8.0	4.0	10.90611	3.064751e-07
-2.0	-8.0	4.0	10.90611	3.103966e-07
-2.0	-8.0	-4.0	10.90611	3.044159e-07
2.0	-8.0	-4.0	10.90611	3.064751e-07
2.0	8.0	4.0	10.90611	3.044159e-07
0.0	-1.0	-9.0	10.93988	2.536634e-09
0.0	1.0	9.0	10.93988	2.536634e-09
0.0	-1.0	9.0	10.93988	3.036171e-09
0.0	1.0	-9.0	10.93988	3.036171e-09
-6.0	0.0	0.0	10.96223	1.533727e-06
6.0	0.0	0.0	10.96223	1.533727e-06
1.0	9.0	-3.0	10.97874	1.916899e-08
1.0	9.0	3.0	10.97874	1.966066e-08
-1.0	9.0	-3.0	10.97874	1.835395e-08
1.0	-9.0	3.0	10.97874	1.835395e-08
1.0	-9.0	-3.0	10.97874	1.959138e-08
-1.0	-9.0	3.0	10.97874	1.916899e-08
-1.0	9.0	3.0	10.97874	1.959138e-08
-1.0	-9.0	-3.0	10.97874	1.966066e-08
-5.0	1.0	5.0	11.01264	1.665458e-07
-5.0	1.0	-5.0	11.01264	1.834722e-07
5.0	-1.0	5.0	11.01264	1.834722e-07
5.0	1.0	5.0	11.01264	1.668526e-07
5.0	1.0	-5.0	11.01264	1.841646e-07
-5.0	-1.0	5.0	11.01264	1.841646e-07
-5.0	-1.0	-5.0	11.01264	1.668526e-07
5.0	-1.0	-5.0	11.01264	1.665458e-07
-5.0	-5.0	-2.0	11.01860	2.024691e-07
5.0	-5.0	2.0	11.01860	2.033702e-07
5.0	5.0	-2.0	11.01860	2.042880e-07
-5.0	5.0	-2.0	11.01860	2.033702e-07
-5.0	-5.0	2.0	11.01860	2.042880e-07
5.0	-5.0	-2.0	11.01860	2.005985e-07
5.0	5.0	2.0	11.01860	2.024691e-07
-5.0	5.0	2.0	11.01860	2.005985e-07
4.0	-5.0	-5.0	11.04818	1.070787e-09
-4.0	5.0	5.0	11.04818	1.070787e-09
4.0	5.0	5.0	11.04818	1.268411e-09
-4.0	-5.0	-5.0	11.04818	1.268411e-09
-1.0	1.0	9.0	11.09140	9.181510e-07
1.0	1.0	9.0	11.09140	9.196474e-07
1.0	-1.0	-9.0	11.09140	9.181510e-07
-1.0	-1.0	9.0	11.09140	9.652031e-07
1.0	-1.0	9.0	11.09140	9.666162e-07
-1.0	-1.0	-9.0	11.09140	9.196474e-07
1.0	1.0	-9.0	11.09140	9.652031e-07
-1.0	1.0	-9.0	11.09140	9.666162e-07
4.0	6.0	4.0	11.09215	2.842748e-09
4.0	-6.0	-4.0	11.09215	2.915848e-09
-4.0	6.0	4.0	11.09215	2.915848e-09
-4.0	-6.0	-4.0	11.09215	2.842748e-09
-4.0	-6.0	4.0	11.09215	6.218528e-09
4.0	6.0	-4.0	11.09215	6.218528e-09
4.0	-6.0	4.0	11.09215	5.532798e-09
-4.0	6.0	-4.0	11.09215	5.532798e-09
2.0	-9.0	-2.0	11.10129	2.154972e-09
-2.0	9.0	2.0	11.10129	2.154972e-09
2.0	-9.0	2.0	11.10129	2.560814e-09
-2.0	-9.0	2.0	11.10129	2.729580e-09
-2.0	9.0	-2.0	11.10129	2.560814e-09
2.0	9.0	2.0	11.10129	2.333026e-09
-2.0	-9.0	-2.0	11.10129	2.333026e-09
2.0	9.0	-2.0	11.10129	2.729580e-09
0.0	-2.0	9.0	11.11460	1.028285e-06
0.0	2.0	9.0	11.11460	1.112158e-06
0.0	-2.0	-9.0	11.11460	1.112158e-06
0.0	2.0	-9.0	11.11460	1.028285e-06
-3.0	-1.0	8.0	11.17475	1.942883e-06
3.0	1.0	8.0	11.17475	1.955652e-06
-3.0	1.0	8.0	11.17475	1.955129e-06
3.0	1.0	-8.0	11.17475	1.942883e-06
3.0	-1.0	8.0	11.17475	1.941566e-06
-3.0	1.0	-8.0	11.17475	1.941566e-06
3.0	-1.0	-8.0	11.17475	1.955129e-06
-3.0	-1.0	-8.0	11.17475	1.955652e-06
6.0	2.0	0.0	11.19412	4.604727e-07
-6.0	-2.0	0.0	11.19412	4.604727e-07
-6.0	2.0	0.0	11.19412	4.589634e-07
6.0	-2.0	0.0	11.19412	4.589634e-07
3.0	8.0	3.0	11.19830	1.255073e-09
3.0	-8.0	-3.0	11.19830	1.083497e-09
-3.0	8.0	3.0	11.19830	1.083497e-09
-3.0	-8.0	-3.0	11.19830	1.255073e-09
0.0	5.0	8.0	11.20977	1.247906e-09
0.0	5.0	-8.0	11.20977	1.336400e-09
0.0	-5.0	8.0	11.20977	1.336400e-09
0.0	-5.0	-8.0	11.20977	1.247906e-09
-6.0	0.0	-2.0	11.22574	2.293214e-06
-6.0	0.0	2.0	11.22574	2.290421e-06
6.0	0.0	-2.0	11.22574	2.290421e-06
6.0	0.0	2.0	11.22574	2.293214e-06
4.0	-1.0	7.0	11.23905	1.449046e-09
-4.0	-1.0	-7.0	11.23905	1.485944e-09
4.0	1.0	-7.0	11.23905	1.534671e-09
4.0	-1.0	-7.0	11.23905	1.229697e-09
4.0	1.0	7.0	11.23905	1.485944e-09
-4.0	1.0	7.0	11.23905	1.229697e-09
-4.0	-1.0	7.0	11.23905	1.534671e-09
-4.0	1.0	-7.0	11.23905	1.449046e-09
-4.0	4.0	6.0	11.25082	2.301927e-06
-4.0	-4.0	6.0	11.25082	2.248557e-06
4.0	-4.0	6.0	11.25082	2.245076e-06
4.0	4.0	6.0	11.25082	2.303213e-06
4.0	-4.0	-6.0	11.25082	2.301927e-06
4.0	4.0	-6.0	11.25082	2.248557e-06
-4.0	-4.0	-6.0	11.25082	2.303213e-06
-4.0	4.0	-6.0	11.25082	2.245076e-06
6.0	-2.0	1.0	11.25922	1.937506e-06
6.0	2.0	-1.0	11.25922	1.939453e-06
-6.0	-2.0	-1.0	11.25922	1.925346e-06
6.0	-2.0	-1.0	11.25922	1.928425e-06
-6.0	2.0	-1.0	11.25922	1.937506e-06
6.0	2.0	1.0	11.25922	1.925346e-06
-6.0	2.0	1.0	11.25922	1.928425e-06
-6.0	-2.0	1.0	11.25922	1.939453e-06
0.0	-9.0	-4.0	11.28833	1.166219e-09
0.0	9.0	4.0	11.28833	1.166219e-09
2.0	4.0	8.0	11.28943	1.977858e-06
-2.0	4.0	8.0	11.28943	1.972213e-06
2.0	-4.0	-8.0	11.28943	1.972213e-06
2.0	4.0	-8.0	11.28943	1.956206e-06
2.0	-4.0	8.0	11.28943	1.951946e-06
-2.0	-4.0	8.0	11.28943	1.956206e-06
-2.0	4.0	-8.0	11.28943	1.951946e-06
-2.0	-4.0	-8.0	11.28943	1.977858e-06
0.0	10.0	0.0	11.33331	9.710318e-08
0.0	-10.0	0.0	11.33331	9.710318e-08
-5.0	5.0	3.0	11.34539	1.149197e-06
5.0	-5.0	-3.0	11.34539	1.149197e-06
5.0	5.0	3.0	11.34539	1.147215e-06
5.0	-5.0	3.0	11.34539	1.136214e-06
-5.0	-5.0	-3.0	11.34539	1.147215e-06
-5.0	-5.0	3.0	11.34539	1.137365e-06
5.0	5.0	-3.0	11.34539	1.137365e-06
-5.0	5.0	-3.0	11.34539	1.136214e-06
3.0	6.0	6.0	11.35355	1.166022e-09
-3.0	-6.0	-6.0	11.35355	1.166022e-09
-2.0	-7.0	6.0	11.35388	1.618929e-09
2.0	-7.0	6.0	11.35388	1.442732e-09
2.0	7.0	-6.0	11.35388	1.618929e-09
-2.0	7.0	-6.0	11.35388	1.442732e-09
1.0	5.0	8.0	11.35768	1.838450e-06
-1.0	5.0	8.0	11.35768	1.832854e-06
1.0	-5.0	8.0	11.35768	1.855358e-06
-1.0	-5.0	8.0	11.35768	1.858037e-06
-1.0	5.0	-8.0	11.35768	1.855358e-06
1.0	5.0	-8.0	11.35768	1.858037e-06
-1.0	-5.0	-8.0	11.35768	1.838450e-06
1.0	-5.0	-8.0	11.35768	1.832854e-06
-4.0	-7.0	3.0	11.37988	2.842927e-09
4.0	7.0	-3.0	11.37988	2.842927e-09
-4.0	7.0	-3.0	11.37988	2.248729e-09
4.0	-7.0	3.0	11.37988	2.248729e-09
3.0	-7.0	-5.0	11.38079	1.627536e-07
-3.0	7.0	-5.0	11.38079	1.724756e-07
3.0	-7.0	5.0	11.38079	1.724756e-07
-3.0	-7.0	-5.0	11.38079	1.642479e-07
-3.0	-7.0	5.0	11.38079	1.712405e-07
3.0	7.0	5.0	11.38079	1.642479e-07
-3.0	7.0	5.0	11.38079	1.627536e-07
3.0	7.0	-5.0	11.38079	1.712405e-07
5.0	6.0	0.0	11.38822	1.276582e-09
-5.0	-6.0	0.0	11.38822	1.276582e-09
0.0	10.0	-1.0	11.39761	5.766172e-09
0.0	-10.0	1.0	11.39761	5.766172e-09
0.0	10.0	1.0	11.39761	4.163088e-09
0.0	-10.0	-1.0	11.39761	4.163088e-09
-4.0	-2.0	7.0	11.40919	5.262793e-07
4.0	2.0	7.0	11.40919	5.687290e-07
-4.0	2.0	-7.0	11.40919	5.295902e-07
4.0	2.0	-7.0	11.40919	5.262793e-07
4.0	-2.0	7.0	11.40919	5.295902e-07
-4.0	2.0	7.0	11.40919	5.655122e-07
4.0	-2.0	-7.0	11.40919	5.655122e-07
-4.0	-2.0	-7.0	11.40919	5.687290e-07
-2.0	-9.0	-3.0	11.42572	2.701537e-09
2.0	9.0	-3.0	11.42572	1.019913e-09
-2.0	9.0	3.0	11.42572	2.297715e-09
2.0	-9.0	-3.0	11.42572	2.297715e-09
2.0	9.0	3.0	11.42572	2.701537e-09
-2.0	-9.0	3.0	11.42572	1.019913e-09
1.0	9.0	4.0	11.43523	2.736669e-09
-1.0	9.0	4.0	11.43523	2.713746e-09
-1.0	-9.0	-4.0	11.43523	2.736669e-09
1.0	-9.0	-4.0	11.43523	2.713746e-09
1.0	9.0	-4.0	11.43523	2.004984e-09
1.0	-9.0	4.0	11.43523	2.224277e-09
-1.0	-9.0	4.0	11.43523	2.004984e-09
-1.0	9.0	-4.0	11.43523	2.224277e-09
-5.0	-6.0	-1.0	11.45221	1.293030e-09
5.0	6.0	1.0	11.45221	1.293030e-09
-6.0	-2.0	-2.0	11.45229	5.316699e-07
6.0	2.0	2.0	11.45229	5.316699e-07
-6.0	-2.0	2.0	11.45229	5.346403e-07
6.0	-2.0	-2.0	11.45229	5.331814e-07
-6.0	2.0	-2.0	11.45229	5.351538e-07
6.0	2.0	-2.0	11.45229	5.346403e-07
6.0	-2.0	2.0	11.45229	5.351538e-07
-6.0	2.0	2.0	11.45229	5.331814e-07
5.0	3.0	5.0	11.46969	4.416981e-08
5.0	-3.0	-5.0	11.46969	4.317237e-08
-5.0	-3.0	-5.0	11.46969	4.416981e-08
5.0	-3.0	5.0	11.46969	3.885949e-08
-5.0	3.0	5.0	11.46969	4.317237e-08
-5.0	-3.0	5.0	11.46969	3.921240e-08
5.0	3.0	-5.0	11.46969	3.921240e-08
-5.0	3.0	-5.0	11.46969	3.885949e-08
-2.0	-8.0	5.0	11.49341	1.281680e-07
2.0	-8.0	-5.0	11.49341	1.362770e-07
-2.0	8.0	-5.0	11.49341	1.263475e-07
2.0	-8.0	5.0	11.49341	1.263475e-07
-2.0	-8.0	-5.0	11.49341	1.350840e-07
-2.0	8.0	5.0	11.49341	1.362770e-07
2.0	8.0	-5.0	11.49341	1.281680e-07
2.0	8.0	5.0	11.49341	1.350840e-07
1.0	10.0	-1.0	11.54312	2.118732e-09
1.0	-10.0	1.0	11.54312	1.978230e-09
-1.0	10.0	-1.0	11.54312	1.978230e-09
-1.0	-10.0	1.0	11.54312	2.118732e-09
3.0	-5.0	-7.0	11.56617	4.617186e-07
3.0	5.0	7.0	11.56617	4.648082e-07
-3.0	5.0	-7.0	11.56617	4.409159e-07
-3.0	-5.0	-7.0	11.56617	4.648082e-07
3.0	5.0	-7.0	11.56617	4.393143e-07
-3.0	5.0	7.0	11.56617	4.617186e-07
3.0	-5.0	7.0	11.56617	4.409159e-07
-3.0	-5.0	7.0	11.56617	4.393143e-07
-3.0	-9.0	0.0	11.57938	1.246633e-06
3.0	9.0	0.0	11.57938	1.246633e-06
3.0	-9.0	0.0	11.57938	1.254841e-06
-3.0	9.0	0.0	11.57938	1.254841e-06
0.0	10.0	-2.0	11.58838	2.064243e-07
0.0	10.0	2.0	11.58838	2.056561e-07
0.0	-10.0	-2.0	11.58838	2.056561e-07
0.0	-10.0	2.0	11.58838	2.064243e-07
0.0	7.0	-7.0	11.60001	1.630370e-09
0.0	-7.0	7.0	11.60001	1.630370e-09
0.0	-8.0	-6.0	11.61141	2.058371e-06
0.0	8.0	-6.0	11.61141	2.112775e-06
0.0	8.0	6.0	11.61141	2.058371e-06
0.0	-8.0	6.0	11.61141	2.112775e-06
-3.0	3.0	8.0	11.62543	1.072191e-06
-3.0	3.0	-8.0	11.62543	1.064253e-06
-3.0	-3.0	8.0	11.62543	1.060411e-06
3.0	-3.0	-8.0	11.62543	1.072191e-06
3.0	-3.0	8.0	11.62543	1.064253e-06
-3.0	-3.0	-8.0	11.62543	1.068477e-06
3.0	3.0	-8.0	11.62543	1.060411e-06
3.0	3.0	8.0	11.62543	1.068477e-06
3.0	-9.0	-1.0	11.64233	5.542194e-09
-3.0	-9.0	-1.0	11.64233	6.321673e-09
-3.0	9.0	1.0	11.64233	5.542194e-09
-3.0	-9.0	1.0	11.64233	6.675646e-09
3.0	9.0	1.0	11.64233	6.321673e-09
3.0	-9.0	1.0	11.64233	5.819317e-09
-3.0	9.0	-1.0	11.64233	5.819317e-09
3.0	9.0	-1.0	11.64233	6.675646e-09
4.0	-8.0	0.0	11.64531	4.382330e-07
4.0	8.0	0.0	11.64531	4.439055e-07
-4.0	-8.0	0.0	11.64531	4.439055e-07
-4.0	8.0	0.0	11.64531	4.382330e-07
4.0	-6.0	-5.0	11.67009	3.689116e-08
4.0	-6.0	5.0	11.67009	3.141609e-08
-4.0	6.0	-5.0	11.67009	3.141609e-08
4.0	6.0	5.0	11.67009	3.728259e-08
-4.0	-6.0	-5.0	11.67009	3.728259e-08
4.0	6.0	-5.0	11.67009	3.247068e-08
-4.0	6.0	5.0	11.67009	3.689116e-08
-4.0	-6.0	5.0	11.67009	3.247068e-08
2.0	-2.0	-9.0	11.69986	3.997295e-07
-2.0	-2.0	-9.0	11.69986	4.022720e-07
2.0	-2.0	9.0	11.69986	3.865395e-07
-2.0	-2.0	9.0	11.69986	3.835284e-07
-2.0	2.0	-9.0	11.69986	3.865395e-07
-2.0	2.0	9.0	11.69986	3.997295e-07
2.0	2.0	9.0	11.69986	4.022720e-07
2.0	2.0	-9.0	11.69986	3.835284e-07
4.0	8.0	1.0	11.70790	1.826457e-06
4.0	8.0	-1.0	11.70790	1.848832e-06
-4.0	-8.0	1.0	11.70790	1.848832e-06
4.0	-8.0	-1.0	11.70790	1.837397e-06
-4.0	8.0	1.0	11.70790	1.837397e-06
-4.0	8.0	-1.0	11.70790	1.837937e-06
4.0	-8.0	1.0	11.70790	1.837937e-06
-4.0	-8.0	-1.0	11.70790	1.826457e-06
-5.0	1.0	-6.0	11.71994	5.951682e-07
-5.0	-1.0	6.0	11.71994	5.951928e-07
-5.0	-1.0	-6.0	11.71994	5.844716e-07
5.0	1.0	-6.0	11.71994	5.951928e-07
5.0	1.0	6.0	11.71994	5.844716e-07
-5.0	1.0	6.0	11.71994	5.851549e-07
5.0	-1.0	6.0	11.71994	5.951682e-07
5.0	-1.0	-6.0	11.71994	5.851549e-07
1.0	7.0	7.0	11.74301	4.436920e-07
1.0	-7.0	7.0	11.74301	4.467480e-07
1.0	7.0	-7.0	11.74301	4.452235e-07
-1.0	7.0	-7.0	11.74301	4.467480e-07
-1.0	-7.0	-7.0	11.74301	4.436920e-07
1.0	-7.0	-7.0	11.74301	4.434597e-07
-1.0	-7.0	7.0	11.74301	4.452235e-07
-1.0	7.0	7.0	11.74301	4.434597e-07
-4.0	5.0	6.0	11.75333	1.194715e-09
4.0	5.0	6.0	11.75333	1.561257e-09
-4.0	-5.0	-6.0	11.75333	1.561257e-09
4.0	-5.0	-6.0	11.75333	1.194715e-09
1.0	8.0	-6.0	11.75427	1.379362e-09
-1.0	8.0	-6.0	11.75427	1.162647e-09
-1.0	-8.0	6.0	11.75427	1.379362e-09
1.0	-8.0	6.0	11.75427	1.162647e-09
6.0	-2.0	3.0	11.76705	1.912155e-07
6.0	2.0	3.0	11.76705	2.012221e-07
-6.0	2.0	-3.0	11.76705	1.912155e-07
-6.0	-2.0	-3.0	11.76705	2.012221e-07
-6.0	2.0	3.0	11.76705	2.005922e-07
6.0	2.0	-3.0	11.76705	1.914838e-07
6.0	-2.0	-3.0	11.76705	2.005922e-07
-6.0	-2.0	3.0	11.76705	1.914838e-07
0.0	4.0	-9.0	11.78761	3.946368e-07
0.0	-4.0	9.0	11.78761	3.946368e-07
0.0	4.0	9.0	11.78761	3.918689e-07
0.0	-4.0	-9.0	11.78761	3.918689e-07
5.0	5.0	-4.0	11.78769	7.261131e-07
5.0	-5.0	4.0	11.78769	7.265953e-07
-5.0	-5.0	-4.0	11.78769	7.306414e-07
-5.0	-5.0	4.0	11.78769	7.261131e-07
-5.0	5.0	-4.0	11.78769	7.265953e-07
5.0	-5.0	-4.0	11.78769	7.309344e-07
-5.0	5.0	4.0	11.78769	7.309344e-07
5.0	5.0	4.0	11.78769	7.306414e-07
4.0	-7.0	4.0	11.82090	1.090479e-09
-4.0	7.0	-4.0	11.82090	1.090479e-09
4.0	7.0	-4.0	11.82090	1.344883e-09
-4.0	-7.0	4.0	11.82090	1.344883e-09
0.0	-6.0	8.0	11.82319	1.136421e-06
0.0	6.0	8.0	11.82319	1.138407e-06
0.0	6.0	-8.0	11.82319	1.136421e-06
0.0	-6.0	-8.0	11.82319	1.138407e-06
-3.0	-9.0	-2.0	11.82915	1.986919e-06
-3.0	9.0	2.0	11.82915	1.996462e-06
3.0	-9.0	2.0	11.82915	1.993498e-06
3.0	9.0	-2.0	11.82915	1.981170e-06
3.0	9.0	2.0	11.82915	1.986919e-06
-3.0	-9.0	2.0	11.82915	1.981170e-06
3.0	-9.0	-2.0	11.82915	1.996462e-06
-3.0	9.0	-2.0	11.82915	1.993498e-06
-5.0	-4.0	5.0	11.85516	1.288052e-09
5.0	4.0	-5.0	11.85516	1.288052e-09
-5.0	4.0	-5.0	11.85516	1.083838e-09
5.0	-4.0	5.0	11.85516	1.083838e-09
0.0	-9.0	5.0	11.85671	1.870154e-09
0.0	9.0	-5.0	11.85671	1.870154e-09
0.0	-9.0	-5.0	11.85671	1.265868e-09
0.0	9.0	5.0	11.85671	1.265868e-09
-6.0	4.0	0.0	11.86261	1.153279e-07
6.0	-4.0	0.0	11.86261	1.153279e-07
6.0	4.0	0.0	11.86261	1.156461e-07
-6.0	-4.0	0.0	11.86261	1.156461e-07
4.0	8.0	2.0	11.89369	4.531256e-07
-4.0	8.0	2.0	11.89369	4.581769e-07
-4.0	-8.0	-2.0	11.89369	4.531256e-07
4.0	-8.0	-2.0	11.89369	4.581769e-07
4.0	-8.0	2.0	11.89369	4.612491e-07
-4.0	8.0	-2.0	11.89369	4.612491e-07
-4.0	-8.0	2.0	11.89369	4.560431e-07
4.0	8.0	-2.0	11.89369	4.560431e-07
0.0	10.0	-3.0	11.89954	1.072846e-06
0.0	-10.0	-3.0	11.89954	1.059025e-06
0.0	10.0	3.0	11.89954	1.059025e-06
0.0	-10.0	3.0	11.89954	1.072846e-06
2.0	10.0	0.0	11.90782	4.379614e-07
-2.0	10.0	0.0	11.90782	4.338565e-07
2.0	-10.0	0.0	11.90782	4.338565e-07
-2.0	-10.0	0.0	11.90782	4.379614e-07
6.0	-4.0	-1.0	11.92406	6.768780e-09
-6.0	4.0	1.0	11.92406	6.768780e-09
-6.0	4.0	-1.0	11.92406	9.319285e-09
6.0	4.0	-1.0	11.92406	9.310970e-09
-6.0	-4.0	-1.0	11.92406	6.856605e-09
-6.0	-4.0	1.0	11.92406	9.310970e-09
6.0	-4.0	1.0	11.92406	9.319285e-09
6.0	4.0	1.0	11.92406	6.856605e-09
-2.0	-10.0	1.0	11.96904	1.655688e-06
-2.0	10.0	1.0	11.96904	1.655940e-06
2.0	-10.0	1.0	11.96904	1.663582e-06
2.0	10.0	-1.0	11.96904	1.655688e-06
2.0	-10.0	-1.0	11.96904	1.655940e-06
-2.0	-10.0	-1.0	11.96904	1.664194e-06
2.0	10.0	1.0	11.96904	1.664194e-06
-2.0	10.0	-1.0	11.96904	1.663582e-06
-6.0	0.0	4.0	11.98155	5.848193e-09
6.0	0.0	4.0	11.98155	5.632936e-09
-6.0	0.0	-4.0	11.98155	5.632936e-09
6.0	0.0	-4.0	11.98155	5.848193e-09
-1.0	-9.0	-5.0	11.99666	3.306081e-08
1.0	-9.0	-5.0	11.99666	3.230664e-08
-1.0	9.0	-5.0	11.99666	3.396426e-08
1.0	9.0	-5.0	11.99666	3.330221e-08
1.0	9.0	5.0	11.99666	3.306081e-08
1.0	-9.0	5.0	11.99666	3.396426e-08
-1.0	-9.0	5.0	11.99666	3.330221e-08
-1.0	9.0	5.0	11.99666	3.230664e-08
4.0	4.0	7.0	12.06577	5.873111e-07
-4.0	4.0	7.0	12.06577	5.867305e-07
-4.0	-4.0	-7.0	12.06577	5.873111e-07
4.0	-4.0	-7.0	12.06577	5.867305e-07
4.0	-4.0	7.0	12.06577	5.863320e-07
-4.0	-4.0	7.0	12.06577	5.861193e-07
4.0	4.0	-7.0	12.06577	5.861193e-07
-4.0	4.0	-7.0	12.06577	5.863320e-07
-3.0	7.0	6.0	12.06652	5.407886e-07
-3.0	-7.0	-6.0	12.06652	5.384308e-07
3.0	-7.0	6.0	12.06652	5.464967e-07
-3.0	7.0	-6.0	12.06652	5.464967e-07
-3.0	-7.0	6.0	12.06652	5.432254e-07
3.0	-7.0	-6.0	12.06652	5.407886e-07
3.0	7.0	-6.0	12.06652	5.432254e-07
3.0	7.0	6.0	12.06652	5.384308e-07
0.0	0.0	10.0	12.09002	1.833285e-06
0.0	0.0	-10.0	12.09002	1.833285e-06
-5.0	-7.0	0.0	12.09914	1.007997e-07
-5.0	7.0	0.0	12.09914	1.017193e-07
5.0	-7.0	0.0	12.09914	1.017193e-07
5.0	7.0	0.0	12.09914	1.007997e-07
-6.0	4.0	2.0	12.10654	2.190109e-08
6.0	4.0	2.0	12.10654	2.199618e-08
-6.0	-4.0	-2.0	12.10654	2.199618e-08
-6.0	4.0	-2.0	12.10654	2.074727e-08
6.0	4.0	-2.0	12.10654	2.071873e-08
6.0	-4.0	2.0	12.10654	2.074727e-08
-6.0	-4.0	2.0	12.10654	2.071873e-08
6.0	-4.0	-2.0	12.10654	2.190109e-08
4.0	0.0	-8.0	12.12258	5.975126e-07
-4.0	0.0	-8.0	12.12258	5.968979e-07
4.0	0.0	8.0	12.12258	5.968979e-07
-4.0	0.0	8.0	12.12258	5.975126e-07
3.0	9.0	-3.0	12.13414	2.079653e-09
-3.0	9.0	3.0	12.13414	2.715073e-09
3.0	-9.0	3.0	12.13414	1.801496e-09
3.0	-9.0	-3.0	12.13414	2.715073e-09
3.0	9.0	3.0	12.13414	3.070661e-09
-3.0	-9.0	-3.0	12.13414	3.070661e-09
-3.0	9.0	-3.0	12.13414	1.801496e-09
-3.0	-9.0	3.0	12.13414	2.079653e-09
-5.0	-3.0	6.0	12.15041	6.675140e-08
5.0	-3.0	6.0	12.15041	6.694365e-08
-5.0	3.0	-6.0	12.15041	6.694365e-08
-5.0	-3.0	-6.0	12.15041	6.558059e-08
-5.0	3.0	6.0	12.15041	6.520872e-08
5.0	-3.0	-6.0	12.15041	6.520872e-08
5.0	3.0	-6.0	12.15041	6.675140e-08
5.0	3.0	6.0	12.15041	6.558059e-08
-2.0	-10.0	2.0	12.15084	4.028778e-07
2.0	10.0	2.0	12.15084	4.069519e-07
-2.0	-10.0	-2.0	12.15084	4.069519e-07
2.0	-10.0	2.0	12.15084	4.065886e-07
-2.0	10.0	-2.0	12.15084	4.065886e-07
2.0	10.0	-2.0	12.15084	4.028778e-07
2.0	-10.0	-2.0	12.15084	4.113008e-07
-2.0	10.0	2.0	12.15084	4.113008e-07
5.0	7.0	1.0	12.15940	3.621620e-09
-5.0	7.0	1.0	12.15940	3.739144e-09
-5.0	7.0	-1.0	12.15940	4.810836e-09
-5.0	-7.0	1.0	12.15940	5.164542e-09
-5.0	-7.0	-1.0	12.15940	3.621620e-09
5.0	-7.0	-1.0	12.15940	3.739144e-09
5.0	7.0	-1.0	12.15940	5.164542e-09
5.0	-7.0	1.0	12.15940	4.810836e-09
3.0	6.0	-7.0	12.16162	1.022994e-09
-3.0	-6.0	7.0	12.16162	1.022994e-09
-2.0	-7.0	-7.0	12.16192	1.528316e-09
2.0	7.0	7.0	12.16192	1.528316e-09
2.0	-7.0	7.0	12.16192	2.713471e-09
-2.0	-7.0	7.0	12.16192	2.927586e-09
-2.0	7.0	7.0	12.16192	1.259653e-09
2.0	-7.0	-7.0	12.16192	1.259653e-09
-2.0	7.0	-7.0	12.16192	2.713471e-09
2.0	7.0	-7.0	12.16192	2.927586e-09
-2.0	-8.0	-6.0	12.17280	4.901156e-07
2.0	-8.0	6.0	12.17280	4.818639e-07
-2.0	8.0	-6.0	12.17280	4.818639e-07
-2.0	8.0	6.0	12.17280	4.926167e-07
-2.0	-8.0	6.0	12.17280	4.786292e-07
2.0	-8.0	-6.0	12.17280	4.926167e-07
2.0	8.0	-6.0	12.17280	4.786292e-07
2.0	8.0	6.0	12.17280	4.901156e-07
6.0	-2.0	4.0	12.19407	3.178638e-08
6.0	-2.0	-4.0	12.19407	2.702638e-08
6.0	2.0	-4.0	12.19407	3.167543e-08
-6.0	2.0	-4.0	12.19407	3.178638e-08
6.0	2.0	4.0	12.19407	2.717776e-08
-6.0	-2.0	-4.0	12.19407	2.717776e-08
-6.0	2.0	4.0	12.19407	2.702638e-08
-6.0	-2.0	4.0	12.19407	3.167543e-08
4.0	-8.0	3.0	12.19706	1.551193e-07
-4.0	-8.0	3.0	12.19706	1.526468e-07
-4.0	-8.0	-3.0	12.19706	1.629391e-07
4.0	8.0	-3.0	12.19706	1.526468e-07
4.0	-8.0	-3.0	12.19706	1.599318e-07
-4.0	8.0	-3.0	12.19706	1.551193e-07
4.0	8.0	3.0	12.19706	1.629391e-07
-4.0	8.0	3.0	12.19706	1.599318e-07
3.0	1.0	-9.0	12.23616	3.023965e-07
-3.0	-1.0	9.0	12.23616	3.023965e-07
-3.0	-1.0	-9.0	12.23616	3.164145e-07
-3.0	1.0	9.0	12.23616	3.166536e-07
3.0	-1.0	-9.0	12.23616	3.166536e-07
3.0	-1.0	9.0	12.23616	3.034124e-07
-3.0	1.0	-9.0	12.23616	3.034124e-07
3.0	1.0	9.0	12.23616	3.164145e-07
1.0	-1.0	-10.0	12.27971	2.833353e-07
-1.0	-1.0	10.0	12.27971	3.003967e-07
-1.0	1.0	-10.0	12.27971	2.999753e-07
1.0	1.0	-10.0	12.27971	3.003967e-07
-1.0	1.0	10.0	12.27971	2.833353e-07
-1.0	-1.0	-10.0	12.27971	2.839095e-07
1.0	-1.0	10.0	12.27971	2.999753e-07
1.0	1.0	10.0	12.27971	2.839095e-07
0.0	2.0	-10.0	12.30067	2.701914e-07
0.0	-2.0	10.0	12.30067	2.701914e-07
0.0	-2.0	-10.0	12.30067	2.841973e-07
0.0	2.0	10.0	12.30067	2.841973e-07
0.0	-10.0	4.0	12.32197	6.156868e-07
0.0	10.0	4.0	12.32197	6.202785e-07
0.0	10.0	-4.0	12.32197	6.156868e-07
0.0	-10.0	-4.0	12.32197	6.202785e-07
4.0	2.0	8.0	12.33267	7.508176e-07
-4.0	-2.0	8.0	12.33267	7.656560e-07
4.0	-2.0	8.0	12.33267	7.625768e-07
4.0	2.0	-8.0	12.33267	7.656560e-07
-4.0	-2.0	-8.0	12.33267	7.508176e-07
-4.0	2.0	8.0	12.33267	7.482102e-07
-4.0	2.0	-8.0	12.33267	7.625768e-07
4.0	-2.0	-8.0	12.33267	7.482102e-07
5.0	-5.0	5.0	12.33308	9.651278e-08
-5.0	-5.0	5.0	12.33308	9.694496e-08
-5.0	-5.0	-5.0	12.33308	9.370656e-08
5.0	5.0	-5.0	12.33308	9.694496e-08
5.0	-5.0	-5.0	12.33308	9.323390e-08
5.0	5.0	5.0	12.33308	9.370656e-08
-5.0	5.0	-5.0	12.33308	9.651278e-08
-5.0	5.0	5.0	12.33308	9.323390e-08
5.0	-7.0	2.0	12.33839	2.309234e-08
5.0	-7.0	-2.0	12.33839	2.354082e-08
-5.0	-7.0	2.0	12.33839	2.373931e-08
-5.0	-7.0	-2.0	12.33839	2.428061e-08
-5.0	7.0	2.0	12.33839	2.354082e-08
-5.0	7.0	-2.0	12.33839	2.309234e-08
5.0	7.0	-2.0	12.33839	2.373931e-08
5.0	7.0	2.0	12.33839	2.428061e-08
-4.0	-6.0	-6.0	12.33976	7.001318e-08
-4.0	6.0	6.0	12.33976	6.996319e-08
4.0	6.0	-6.0	12.33976	6.825149e-08
4.0	-6.0	-6.0	12.33976	6.996319e-08
4.0	-6.0	6.0	12.33976	6.934601e-08
-4.0	-6.0	6.0	12.33976	6.825149e-08
4.0	6.0	6.0	12.33976	7.001318e-08
-4.0	6.0	-6.0	12.33976	6.934601e-08
-2.0	4.0	-9.0	12.34099	3.298427e-07
2.0	-4.0	9.0	12.34099	3.298427e-07
-2.0	-4.0	9.0	12.34099	3.288776e-07
-2.0	4.0	9.0	12.34099	3.226767e-07
2.0	-4.0	-9.0	12.34099	3.226767e-07
2.0	4.0	-9.0	12.34099	3.288776e-07
2.0	4.0	9.0	12.34099	3.249230e-07
-2.0	-4.0	-9.0	12.34099	3.249230e-07
2.0	-6.0	-8.0	12.37498	4.908920e-07
2.0	-6.0	8.0	12.37498	4.918389e-07
2.0	6.0	-8.0	12.37498	4.909182e-07
-2.0	-6.0	8.0	12.37498	4.909182e-07
-2.0	6.0	8.0	12.37498	4.908920e-07
-2.0	6.0	-8.0	12.37498	4.918389e-07
-2.0	-6.0	-8.0	12.37498	4.911749e-07
2.0	6.0	8.0	12.37498	4.911749e-07
0.0	8.0	-7.0	12.40269	4.827808e-07
0.0	8.0	7.0	12.40269	4.841117e-07
0.0	-8.0	-7.0	12.40269	4.841117e-07
0.0	-8.0	7.0	12.40269	4.827808e-07
1.0	-5.0	9.0	12.40345	3.047389e-07
-1.0	5.0	9.0	12.40345	3.182829e-07
1.0	-5.0	-9.0	12.40345	3.182829e-07
-1.0	5.0	-9.0	12.40345	3.047389e-07
1.0	5.0	9.0	12.40345	3.172940e-07
-1.0	-5.0	9.0	12.40345	3.059999e-07
-1.0	-5.0	-9.0	12.40345	3.172940e-07
1.0	5.0	-9.0	12.40345	3.059999e-07
6.0	4.0	3.0	12.40470	4.044029e-07
-6.0	-4.0	-3.0	12.40470	4.044029e-07
6.0	-4.0	3.0	12.40470	3.923694e-07
6.0	-4.0	-3.0	12.40470	4.037248e-07
-6.0	4.0	-3.0	12.40470	3.923694e-07
-6.0	-4.0	3.0	12.40470	3.924586e-07
6.0	4.0	-3.0	12.40470	3.924586e-07
-6.0	4.0	3.0	12.40470	4.037248e-07
-2.0	-10.0	3.0	12.44794	1.303384e-07
-2.0	10.0	3.0	12.44794	1.254423e-07
2.0	-10.0	-3.0	12.44794	1.254423e-07
2.0	10.0	-3.0	12.44794	1.303384e-07
-2.0	10.0	-3.0	12.44794	1.282329e-07
-2.0	-10.0	-3.0	12.44794	1.230085e-07
2.0	-10.0	3.0	12.44794	1.282329e-07
2.0	10.0	3.0	12.44794	1.230085e-07
3.0	5.0	-8.0	12.47804	7.031314e-07
-3.0	-5.0	8.0	12.47804	7.031314e-07
3.0	-5.0	8.0	12.47804	7.018661e-07
3.0	-5.0	-8.0	12.47804	6.930158e-07
-3.0	-5.0	-8.0	12.47804	6.947692e-07
-3.0	5.0	-8.0	12.47804	7.018661e-07
-3.0	5.0	8.0	12.47804	6.930158e-07
3.0	5.0	8.0	12.47804	6.947692e-07
-5.0	1.0	-7.0	12.50435	2.631438e-07
-5.0	1.0	7.0	12.50435	2.561312e-07
5.0	-1.0	7.0	12.50435	2.631438e-07
5.0	1.0	7.0	12.50435	2.569850e-07
-5.0	-1.0	7.0	12.50435	2.635097e-07
-5.0	-1.0	-7.0	12.50435	2.569850e-07
5.0	1.0	-7.0	12.50435	2.635097e-07
5.0	-1.0	-7.0	12.50435	2.561312e-07
0.0	7.0	-8.0	12.50941	1.112362e-09
0.0	-7.0	8.0	12.50941	1.112362e-09
-3.0	-9.0	-4.0	12.54867	6.610706e-09
3.0	9.0	-4.0	12.54867	6.282243e-09
-3.0	-9.0	4.0	12.54867	6.282243e-09
-3.0	9.0	-4.0	12.54867	5.580468e-09
3.0	-9.0	-4.0	12.54867	6.111071e-09
-3.0	9.0	4.0	12.54867	6.111071e-09
3.0	-9.0	4.0	12.54867	5.580468e-09
3.0	9.0	4.0	12.54867	6.610706e-09
-4.0	-9.0	-1.0	12.60596	1.115892e-09
4.0	9.0	1.0	12.60596	1.115892e-09
-4.0	-8.0	-4.0	12.60953	2.447765e-08
-4.0	-8.0	4.0	12.60953	2.727681e-08
4.0	-8.0	4.0	12.60953	2.624766e-08
4.0	8.0	4.0	12.60953	2.447765e-08
4.0	8.0	-4.0	12.60953	2.727681e-08
4.0	-8.0	-4.0	12.60953	2.331544e-08
-4.0	8.0	4.0	12.60953	2.331544e-08
-4.0	8.0	-4.0	12.60953	2.624766e-08
-2.0	0.0	-10.0	12.63016	8.476122e-08
2.0	0.0	-10.0	12.63016	8.528985e-08
-2.0	0.0	10.0	12.63016	8.528985e-08
2.0	0.0	10.0	12.63016	8.476122e-08
-5.0	7.0	3.0	12.63109	3.681889e-07
-5.0	-7.0	-3.0	12.63109	3.708669e-07
5.0	7.0	3.0	12.63109	3.708669e-07
5.0	7.0	-3.0	12.63109	3.590382e-07
-5.0	7.0	-3.0	12.63109	3.610865e-07
5.0	-7.0	-3.0	12.63109	3.681889e-07
5.0	-7.0	3.0	12.63109	3.610865e-07
-5.0	-7.0	3.0	12.63109	3.590382e-07
-1.0	-7.0	8.0	12.64213	6.744474e-07
1.0	-7.0	-8.0	12.64213	6.858210e-07
1.0	7.0	-8.0	12.64213	6.744474e-07
-1.0	-7.0	-8.0	12.64213	6.854951e-07
-1.0	7.0	8.0	12.64213	6.858210e-07
1.0	7.0	8.0	12.64213	6.854951e-07
1.0	-7.0	8.0	12.64213	6.764866e-07
-1.0	7.0	-8.0	12.64213	6.764866e-07
3.0	-10.0	1.0	12.64706	1.465067e-09
3.0	10.0	-1.0	12.64706	1.593168e-09
-3.0	10.0	-1.0	12.64706	1.465067e-09
-3.0	-10.0	1.0	12.64706	1.593168e-09
1.0	-9.0	-6.0	12.64904	3.883183e-08
1.0	-9.0	6.0	12.64904	3.825003e-08
1.0	9.0	-6.0	12.64904	3.767637e-08
-1.0	9.0	-6.0	12.64904	3.825003e-08
1.0	9.0	6.0	12.64904	3.825134e-08
-1.0	-9.0	-6.0	12.64904	3.825134e-08
-1.0	-9.0	6.0	12.64904	3.767637e-08
-1.0	9.0	6.0	12.64904	3.883183e-08
3.0	-3.0	-9.0	12.64908	2.164472e-08
-3.0	3.0	9.0	12.64908	2.164472e-08
3.0	3.0	-9.0	12.64908	3.090646e-08
3.0	-3.0	9.0	12.64908	3.034530e-08
-3.0	-3.0	-9.0	12.64908	2.129852e-08
-3.0	3.0	-9.0	12.64908	3.034530e-08
-3.0	-3.0	9.0	12.64908	3.090646e-08
3.0	3.0	9.0	12.64908	2.129852e-08
1.0	3.0	-10.0	12.69121	7.883033e-08
-1.0	-3.0	-10.0	12.69121	7.672839e-08
-1.0	3.0	10.0	12.69121	7.635892e-08
-1.0	3.0	-10.0	12.69121	7.829503e-08
-1.0	-3.0	10.0	12.69121	7.883033e-08
1.0	3.0	10.0	12.69121	7.672839e-08
1.0	-3.0	10.0	12.69121	7.829503e-08
1.0	-3.0	-10.0	12.69121	7.635892e-08
6.0	-2.0	-5.0	12.72204	1.141052e-06
6.0	2.0	-5.0	12.72204	1.144478e-06
6.0	-2.0	5.0	12.72204	1.144993e-06
-6.0	-2.0	5.0	12.72204	1.144478e-06
-6.0	2.0	5.0	12.72204	1.141052e-06
-6.0	-2.0	-5.0	12.72204	1.140910e-06
-6.0	2.0	-5.0	12.72204	1.144993e-06
6.0	2.0	5.0	12.72204	1.140910e-06
-2.0	-5.0	9.0	12.80078	1.063953e-09
2.0	5.0	-9.0	12.80078	1.063953e-09
-6.0	-4.0	4.0	12.81048	3.137366e-07
6.0	4.0	4.0	12.81048	3.154397e-07
-6.0	4.0	4.0	12.81048	3.161919e-07
-6.0	4.0	-4.0	12.81048	3.138225e-07
6.0	-4.0	4.0	12.81048	3.138225e-07
6.0	4.0	-4.0	12.81048	3.137366e-07
6.0	-4.0	-4.0	12.81048	3.161919e-07
-6.0	-4.0	-4.0	12.81048	3.154397e-07
-3.0	-7.0	-7.0	12.82976	2.222413e-07
-3.0	7.0	-7.0	12.82976	2.245890e-07
-3.0	-7.0	7.0	12.82976	2.231493e-07
3.0	7.0	-7.0	12.82976	2.231493e-07
3.0	-7.0	7.0	12.82976	2.245890e-07
3.0	-7.0	-7.0	12.82976	2.197522e-07
3.0	7.0	7.0	12.82976	2.222413e-07
-3.0	7.0	7.0	12.82976	2.197522e-07
0.0	-6.0	9.0	12.83107	1.947693e-08
0.0	-6.0	-9.0	12.83107	2.592212e-08
0.0	6.0	9.0	12.83107	2.592212e-08
0.0	6.0	-9.0	12.83107	1.947693e-08
2.0	-2.0	-10.0	12.83194	1.001105e-06
2.0	-2.0	10.0	12.83194	1.039683e-06
2.0	2.0	-10.0	12.83194	1.043782e-06
-2.0	2.0	10.0	12.83194	1.001105e-06
-2.0	-2.0	-10.0	12.83194	1.004189e-06
-2.0	-2.0	10.0	12.83194	1.043782e-06
2.0	2.0	10.0	12.83194	1.004189e-06
-2.0	2.0	-10.0	12.83194	1.039683e-06
7.0	-1.0	0.0	12.83939	2.393917e-07
7.0	1.0	0.0	12.83939	2.396006e-07
-7.0	-1.0	0.0	12.83939	2.396006e-07
-7.0	1.0	0.0	12.83939	2.393917e-07
-3.0	-8.0	6.0	12.84007	1.244181e-09
3.0	8.0	-6.0	12.84007	1.244181e-09
-3.0	8.0	-6.0	12.84007	1.046193e-09
3.0	-8.0	6.0	12.84007	1.046193e-09
0.0	-10.0	5.0	12.84469	1.004715e-07
0.0	-10.0	-5.0	12.84469	1.000338e-07
0.0	10.0	5.0	12.84469	1.000338e-07
0.0	10.0	-5.0	12.84469	1.004715e-07
-2.0	-10.0	-4.0	12.85236	1.984532e-08
-2.0	-10.0	4.0	12.85236	1.926711e-08
-2.0	10.0	-4.0	12.85236	1.847296e-08
2.0	-10.0	4.0	12.85236	1.847296e-08
2.0	10.0	4.0	12.85236	1.984532e-08
2.0	10.0	-4.0	12.85236	1.926711e-08
-2.0	10.0	4.0	12.85236	1.891181e-08
2.0	-10.0	-4.0	12.85236	1.891181e-08
-7.0	-1.0	1.0	12.89618	3.507494e-09
7.0	-1.0	1.0	12.89618	3.587288e-09
-7.0	-1.0	-1.0	12.89618	1.373834e-09
-7.0	1.0	1.0	12.89618	1.371702e-09
7.0	-1.0	-1.0	12.89618	1.371702e-09
7.0	1.0	1.0	12.89618	1.373834e-09
-7.0	1.0	-1.0	12.89618	3.587288e-09
7.0	1.0	-1.0	12.89618	3.507494e-09
-6.0	-6.0	0.0	12.90001	1.915777e-06
6.0	6.0	0.0	12.90001	1.915777e-06
6.0	-6.0	0.0	12.90001	1.919624e-06
-6.0	6.0	0.0	12.90001	1.919624e-06
5.0	3.0	7.0	12.90869	2.119023e-08
-5.0	3.0	-7.0	12.90869	2.062000e-08
5.0	-3.0	-7.0	12.90869	2.126594e-08
-5.0	3.0	7.0	12.90869	2.126594e-08
5.0	3.0	-7.0	12.90869	2.059672e-08
-5.0	-3.0	-7.0	12.90869	2.119023e-08
5.0	-3.0	7.0	12.90869	2.062000e-08
-5.0	-3.0	7.0	12.90869	2.059672e-08
0.0	4.0	-10.0	12.91200	9.639544e-07
0.0	-4.0	10.0	12.91200	9.639544e-07
0.0	4.0	10.0	12.91200	9.874730e-07
0.0	-4.0	-10.0	12.91200	9.874730e-07
2.0	-8.0	-7.0	12.92977	2.275523e-07
2.0	8.0	-7.0	12.92977	2.204031e-07
-2.0	-8.0	-7.0	12.92977	2.262570e-07
-2.0	-8.0	7.0	12.92977	2.204031e-07
2.0	-8.0	7.0	12.92977	2.179275e-07
2.0	8.0	7.0	12.92977	2.262570e-07
-2.0	8.0	-7.0	12.92977	2.179275e-07
-2.0	8.0	7.0	12.92977	2.275523e-07
-4.0	4.0	8.0	12.94249	6.996182e-09
4.0	4.0	8.0	12.94249	7.136881e-09
4.0	-4.0	-8.0	12.94249	6.996182e-09
-4.0	-4.0	-8.0	12.94249	7.136881e-09
4.0	4.0	-8.0	12.94249	1.015644e-08
-4.0	4.0	-8.0	12.94249	1.001822e-08
-4.0	-4.0	8.0	12.94249	1.015644e-08
4.0	-4.0	8.0	12.94249	1.001822e-08
-6.0	6.0	-1.0	12.95654	1.046297e-09
-6.0	6.0	1.0	12.95654	1.758384e-09
6.0	-6.0	1.0	12.95654	1.046297e-09
6.0	-6.0	-1.0	12.95654	1.758384e-09
-6.0	-6.0	-1.0	12.95654	1.978673e-09
6.0	6.0	-1.0	12.95654	1.167060e-09
-6.0	-6.0	1.0	12.95654	1.167060e-09
6.0	6.0	1.0	12.95654	1.978673e-09
-5.0	-5.0	6.0	12.96856	9.018202e-09
5.0	-5.0	-6.0	12.96856	1.000439e-08
5.0	5.0	-6.0	12.96856	9.018202e-09
-5.0	-5.0	-6.0	12.96856	1.005034e-08
5.0	-5.0	6.0	12.96856	9.108616e-09
-5.0	5.0	-6.0	12.96856	9.108616e-09
-5.0	5.0	6.0	12.96856	1.000439e-08
5.0	5.0	6.0	12.96856	1.005034e-08
1.0	10.0	-5.0	12.97398	1.962238e-09
-1.0	-10.0	5.0	12.97398	1.962238e-09
-1.0	10.0	-5.0	12.97398	1.972507e-09
1.0	-10.0	5.0	12.97398	1.972507e-09
-3.0	-4.0	9.0	12.99963	1.092380e-09
3.0	4.0	-9.0	12.99963	1.092380e-09
5.0	-7.0	4.0	13.02982	2.850087e-07
5.0	7.0	4.0	13.02982	2.850234e-07
-5.0	-7.0	4.0	13.02982	2.831632e-07
-5.0	7.0	4.0	13.02982	2.872278e-07
5.0	-7.0	-4.0	13.02982	2.872278e-07
5.0	7.0	-4.0	13.02982	2.831632e-07
-5.0	-7.0	-4.0	13.02982	2.850234e-07
-5.0	7.0	-4.0	13.02982	2.850087e-07
-2.0	-9.0	6.0	13.03888	1.058090e-09
2.0	9.0	-6.0	13.03888	1.058090e-09
-3.0	-9.0	5.0	13.06232	1.106484e-09
-3.0	-9.0	-5.0	13.06232	1.180126e-09
3.0	9.0	-5.0	13.06232	1.106484e-09
3.0	9.0	5.0	13.06232	1.180126e-09
3.0	-9.0	-5.0	13.06232	1.054154e-09
-3.0	9.0	5.0	13.06232	1.054154e-09
7.0	-1.0	-2.0	13.06509	1.758400e-08
-7.0	1.0	2.0	13.06509	1.758400e-08
-7.0	-1.0	2.0	13.06509	1.678233e-08
7.0	-1.0	2.0	13.06509	1.686852e-08
-7.0	1.0	-2.0	13.06509	1.686852e-08
-7.0	-1.0	-2.0	13.06509	1.758920e-08
7.0	1.0	2.0	13.06509	1.758920e-08
7.0	1.0	-2.0	13.06509	1.678233e-08
4.0	6.0	7.0	13.08708	1.831204e-08
-4.0	-6.0	-7.0	13.08708	1.831204e-08
-4.0	6.0	-7.0	13.08708	1.775847e-08
4.0	6.0	-7.0	13.08708	1.745072e-08
-4.0	6.0	7.0	13.08708	1.805242e-08
4.0	-6.0	7.0	13.08708	1.775847e-08
4.0	-6.0	-7.0	13.08708	1.805242e-08
-4.0	-6.0	7.0	13.08708	1.745072e-08
-4.0	-8.0	-5.0	13.12080	9.743139e-07
-4.0	8.0	5.0	13.12080	9.793604e-07
4.0	8.0	-5.0	13.12080	9.763102e-07
-4.0	-8.0	5.0	13.12080	9.763102e-07
-4.0	8.0	-5.0	13.12080	9.704955e-07
4.0	-8.0	-5.0	13.12080	9.793604e-07
4.0	8.0	5.0	13.12080	9.743139e-07
4.0	-8.0	5.0	13.12080	9.704955e-07
6.0	6.0	2.0	13.12467	2.413997e-07
-6.0	6.0	-2.0	13.12467	2.399692e-07
-6.0	-6.0	-2.0	13.12467	2.413997e-07
-6.0	-6.0	2.0	13.12467	2.414373e-07
6.0	6.0	-2.0	13.12467	2.414373e-07
6.0	-6.0	-2.0	13.12467	2.405118e-07
6.0	-6.0	2.0	13.12467	2.399692e-07
-6.0	6.0	2.0	13.12467	2.405118e-07
6.0	0.0	-6.0	13.14501	2.258501e-07
-6.0	0.0	6.0	13.14501	2.258501e-07
-6.0	0.0	-6.0	13.14501	2.260515e-07
6.0	0.0	6.0	13.14501	2.260515e-07
-7.0	-3.0	0.0	13.23349	7.325967e-09
7.0	-3.0	0.0	13.23349	7.355446e-09
7.0	3.0	0.0	13.23349	7.325967e-09
-7.0	3.0	0.0	13.23349	7.355446e-09
0.0	-8.0	-8.0	13.25715	1.213374e-08
0.0	8.0	-8.0	13.25715	8.995522e-09
0.0	8.0	8.0	13.25715	1.213374e-08
0.0	-8.0	8.0	13.25715	8.995522e-09
-7.0	-3.0	-1.0	13.28861	6.353691e-08
-7.0	3.0	1.0	13.28861	6.339292e-08
7.0	3.0	1.0	13.28861	6.353691e-08
-7.0	-3.0	1.0	13.28861	5.641456e-08
7.0	-3.0	1.0	13.28861	5.647175e-08
-7.0	3.0	-1.0	13.28861	5.647175e-08
7.0	-3.0	-1.0	13.28861	6.339292e-08
7.0	3.0	-1.0	13.28861	5.641456e-08
-4.0	2.0	-9.0	13.30201	1.427969e-07
4.0	2.0	9.0	13.30201	1.365585e-07
4.0	2.0	-9.0	13.30201	1.436977e-07
4.0	-2.0	-9.0	13.30201	1.374427e-07
-4.0	-2.0	-9.0	13.30201	1.365585e-07
4.0	-2.0	9.0	13.30201	1.427969e-07
-4.0	-2.0	9.0	13.30201	1.436977e-07
-4.0	2.0	9.0	13.30201	1.374427e-07
-6.0	-4.0	5.0	13.31404	2.167820e-08
6.0	-4.0	-5.0	13.31404	1.751751e-08
6.0	4.0	5.0	13.31404	1.749869e-08
-6.0	4.0	5.0	13.31404	1.751751e-08
-6.0	4.0	-5.0	13.31404	2.146372e-08
6.0	4.0	-5.0	13.31404	2.167820e-08
6.0	-4.0	5.0	13.31404	2.146372e-08
-6.0	-4.0	-5.0	13.31404	1.749869e-08
-3.0	-1.0	-10.0	13.32275	6.199456e-08
3.0	1.0	10.0	13.32275	6.199456e-08
-3.0	1.0	10.0	13.32275	6.196071e-08
-3.0	1.0	-10.0	13.32275	6.580369e-08
-3.0	-1.0	10.0	13.32275	6.638974e-08
3.0	1.0	-10.0	13.32275	6.638974e-08
3.0	-1.0	10.0	13.32275	6.580369e-08
3.0	-1.0	-10.0	13.32275	6.196071e-08
-6.0	2.0	6.0	13.33900	4.032847e-07
6.0	2.0	6.0	13.33900	4.031945e-07
-6.0	-2.0	-6.0	13.33900	4.031945e-07
6.0	-2.0	6.0	13.33900	4.154419e-07
-6.0	-2.0	6.0	13.33900	4.156013e-07
6.0	-2.0	-6.0	13.33900	4.032847e-07
-6.0	2.0	-6.0	13.33900	4.154419e-07
6.0	2.0	-6.0	13.33900	4.156013e-07
-7.0	-1.0	3.0	13.34185	1.019390e-08
7.0	1.0	-3.0	13.34185	1.019390e-08
7.0	-1.0	-3.0	13.34185	1.399890e-08
-7.0	1.0	-3.0	13.34185	1.016979e-08
7.0	1.0	3.0	13.34185	1.401142e-08
-7.0	-1.0	-3.0	13.34185	1.401142e-08
-7.0	1.0	3.0	13.34185	1.399890e-08
7.0	-1.0	3.0	13.34185	1.016979e-08
-5.0	-1.0	8.0	13.35231	1.228930e-07
5.0	-1.0	8.0	13.35231	1.225937e-07
-5.0	1.0	8.0	13.35231	1.260500e-07
5.0	1.0	8.0	13.35231	1.258467e-07
-5.0	-1.0	-8.0	13.35231	1.258467e-07
-5.0	1.0	-8.0	13.35231	1.225937e-07
5.0	-1.0	-8.0	13.35231	1.260500e-07
5.0	1.0	-8.0	13.35231	1.228930e-07
-2.0	10.0	5.0	13.35434	8.672710e-07
2.0	10.0	5.0	13.35434	8.729945e-07
-2.0	-10.0	-5.0	13.35434	8.729945e-07
-2.0	-10.0	5.0	13.35434	8.741769e-07
2.0	10.0	-5.0	13.35434	8.741769e-07
2.0	-10.0	5.0	13.35434	8.794649e-07
2.0	-10.0	-5.0	13.35434	8.672710e-07
-2.0	10.0	-5.0	13.35434	8.794649e-07
1.0	-9.0	7.0	13.37910	1.810986e-08
1.0	9.0	7.0	13.37910	1.723904e-08
1.0	-9.0	-7.0	13.37910	1.752134e-08
-1.0	9.0	7.0	13.37910	1.752134e-08
-1.0	9.0	-7.0	13.37910	1.810986e-08
-1.0	-9.0	-7.0	13.37910	1.723904e-08
-1.0	-9.0	7.0	13.37910	1.861704e-08
1.0	9.0	-7.0	13.37910	1.861704e-08
6.0	-6.0	3.0	13.40020	1.348557e-09
6.0	6.0	-3.0	13.40020	1.572871e-09
-6.0	6.0	-3.0	13.40020	1.348557e-09
-6.0	-6.0	3.0	13.40020	1.572871e-09
-2.0	4.0	-10.0	13.41909	6.677113e-08
2.0	-4.0	-10.0	13.41909	6.061198e-08
-2.0	-4.0	10.0	13.41909	6.735758e-08
2.0	4.0	10.0	13.41909	6.141243e-08
-2.0	4.0	10.0	13.41909	6.061198e-08
-2.0	-4.0	-10.0	13.41909	6.141243e-08
2.0	-4.0	10.0	13.41909	6.677113e-08
2.0	4.0	-10.0	13.41909	6.735758e-08
-3.0	5.0	-9.0	13.43690	1.413707e-07
3.0	5.0	9.0	13.43690	1.366174e-07
3.0	5.0	-9.0	13.43690	1.415254e-07
-3.0	5.0	9.0	13.43690	1.372890e-07
3.0	-5.0	-9.0	13.43690	1.372890e-07
-3.0	-5.0	9.0	13.43690	1.415254e-07
-3.0	-5.0	-9.0	13.43690	1.366174e-07
3.0	-5.0	9.0	13.43690	1.413707e-07
-7.0	-3.0	2.0	13.45259	1.089002e-07
-7.0	-3.0	-2.0	13.45259	1.090739e-07
-7.0	3.0	-2.0	13.45259	1.090546e-07
7.0	-3.0	-2.0	13.45259	1.091868e-07
7.0	-3.0	2.0	13.45259	1.090546e-07
7.0	3.0	-2.0	13.45259	1.089002e-07
7.0	3.0	2.0	13.45259	1.090739e-07
-7.0	3.0	2.0	13.45259	1.091868e-07
0.0	10.0	6.0	13.45602	1.640305e-08
0.0	-10.0	6.0	13.45602	1.747122e-08
0.0	-10.0	-6.0	13.45602	1.640305e-08
0.0	10.0	-6.0	13.45602	1.747122e-08
1.0	5.0	10.0	13.47656	5.895160e-08
-1.0	-5.0	10.0	13.47656	5.576420e-08
1.0	-5.0	-10.0	13.47656	5.863650e-08
1.0	-5.0	10.0	13.47656	5.554347e-08
-1.0	5.0	-10.0	13.47656	5.554347e-08
-1.0	5.0	10.0	13.47656	5.863650e-08
1.0	5.0	-10.0	13.47656	5.576420e-08
-1.0	-5.0	-10.0	13.47656	5.895160e-08
4.0	10.0	0.0	13.48529	1.459633e-07
-4.0	10.0	0.0	13.48529	1.484207e-07
4.0	-10.0	0.0	13.48529	1.484207e-07
-4.0	-10.0	0.0	13.48529	1.459633e-07
-5.0	7.0	5.0	13.52521	1.483210e-08
5.0	-7.0	-5.0	13.52521	1.483210e-08
-5.0	-7.0	5.0	13.52521	1.779692e-08
5.0	7.0	-5.0	13.52521	1.779692e-08
5.0	-7.0	5.0	13.52521	1.723898e-08
5.0	7.0	5.0	13.52521	1.440384e-08
-5.0	-7.0	-5.0	13.52521	1.440384e-08
-5.0	7.0	-5.0	13.52521	1.723898e-08
-4.0	-10.0	1.0	13.53937	1.376289e-09
-4.0	10.0	-1.0	13.53937	1.284177e-09
4.0	10.0	-1.0	13.53937	1.376289e-09
4.0	-10.0	1.0	13.53937	1.284177e-09
-1.0	-7.0	-9.0	13.58941	1.322113e-07
-1.0	7.0	-9.0	13.58941	1.355582e-07
1.0	7.0	-9.0	13.58941	1.363458e-07
-1.0	-7.0	9.0	13.58941	1.363458e-07
1.0	-7.0	-9.0	13.58941	1.326394e-07
1.0	-7.0	9.0	13.58941	1.355582e-07
1.0	7.0	9.0	13.58941	1.322113e-07
-1.0	7.0	9.0	13.58941	1.326394e-07
-3.0	-7.0	8.0	13.65753	1.106964e-07
3.0	7.0	-8.0	13.65753	1.106964e-07
3.0	-7.0	8.0	13.65753	1.119675e-07
-3.0	7.0	-8.0	13.65753	1.119675e-07
-3.0	-7.0	-8.0	13.65753	1.148823e-07
3.0	7.0	8.0	13.65753	1.148823e-07
3.0	-7.0	-8.0	13.65753	1.159450e-07
-3.0	7.0	8.0	13.65753	1.159450e-07
3.0	-9.0	6.0	13.66393	1.516953e-07
-3.0	-9.0	-6.0	13.66393	1.501817e-07
-3.0	9.0	-6.0	13.66393	1.516953e-07
-3.0	9.0	6.0	13.66393	1.526491e-07
-3.0	-9.0	6.0	13.66393	1.488681e-07
3.0	9.0	-6.0	13.66393	1.488681e-07
3.0	9.0	6.0	13.66393	1.501817e-07
3.0	-9.0	-6.0	13.66393	1.526491e-07
-5.0	5.0	-7.0	13.68157	5.199413e-09
5.0	-5.0	7.0	13.68157	5.199413e-09
5.0	5.0	-7.0	13.68157	5.315801e-09
-5.0	-5.0	7.0	13.68157	5.315801e-09
-5.0	5.0	7.0	13.68157	5.056075e-09
-5.0	-5.0	-7.0	13.68157	5.037804e-09
5.0	-5.0	-7.0	13.68157	5.056075e-09
5.0	5.0	7.0	13.68157	5.037804e-09
5.0	-9.0	0.0	13.69274	1.192337e-08
-5.0	-9.0	0.0	13.69274	1.139980e-08
-5.0	9.0	0.0	13.69274	1.192337e-08
5.0	9.0	0.0	13.69274	1.139980e-08
-4.0	10.0	-2.0	13.70035	1.337603e-08
4.0	10.0	-2.0	13.70035	1.402873e-08
-4.0	-10.0	-2.0	13.70035	1.409846e-08
4.0	-10.0	-2.0	13.70035	1.333877e-08
4.0	-10.0	2.0	13.70035	1.337603e-08
-4.0	-10.0	2.0	13.70035	1.402873e-08
-4.0	10.0	2.0	13.70035	1.333877e-08
4.0	10.0	2.0	13.70035	1.409846e-08
3.0	-3.0	10.0	13.70296	1.168277e-07
3.0	3.0	10.0	13.70296	1.193152e-07
-3.0	-3.0	-10.0	13.70296	1.193152e-07
-3.0	3.0	10.0	13.70296	1.182692e-07
-3.0	-3.0	10.0	13.70296	1.180206e-07
3.0	3.0	-10.0	13.70296	1.180206e-07
-3.0	3.0	-10.0	13.70296	1.168277e-07
3.0	-3.0	-10.0	13.70296	1.182692e-07
4.0	8.0	6.0	13.71984	3.261728e-07
-4.0	8.0	6.0	13.71984	3.289515e-07
4.0	-8.0	6.0	13.71984	3.379807e-07
4.0	8.0	-6.0	13.71984	3.347279e-07
4.0	-8.0	-6.0	13.71984	3.289515e-07
-4.0	-8.0	-6.0	13.71984	3.261728e-07
-4.0	8.0	-6.0	13.71984	3.379807e-07
-4.0	-8.0	6.0	13.71984	3.347279e-07
7.0	1.0	4.0	13.71994	1.610813e-07
-7.0	1.0	-4.0	13.71994	1.620850e-07
-7.0	1.0	4.0	13.71994	1.610394e-07
-7.0	-1.0	-4.0	13.71994	1.610813e-07
7.0	-1.0	-4.0	13.71994	1.610394e-07
-7.0	-1.0	4.0	13.71994	1.620521e-07
7.0	-1.0	4.0	13.71994	1.620850e-07
7.0	1.0	-4.0	13.71994	1.620521e-07
7.0	3.0	-3.0	13.72154	4.457008e-08
7.0	3.0	3.0	13.72154	3.751633e-08
-7.0	3.0	3.0	13.72154	3.756265e-08
-7.0	3.0	-3.0	13.72154	4.444557e-08
-7.0	-3.0	-3.0	13.72154	3.751633e-08
7.0	-3.0	3.0	13.72154	4.444557e-08
-7.0	-3.0	3.0	13.72154	4.457008e-08
7.0	-3.0	-3.0	13.72154	3.756265e-08
5.0	3.0	8.0	13.73170	5.712562e-09
-5.0	3.0	8.0	13.73170	5.782513e-09
5.0	3.0	-8.0	13.73170	6.000431e-09
-5.0	-3.0	8.0	13.73170	6.000431e-09
5.0	-3.0	-8.0	13.73170	5.782513e-09
-5.0	-3.0	-8.0	13.73170	5.712562e-09
-5.0	3.0	-8.0	13.73170	6.034876e-09
5.0	-3.0	8.0	13.73170	6.034876e-09
-5.0	-9.0	-1.0	13.74602	4.966873e-08
5.0	9.0	1.0	13.74602	4.966873e-08
5.0	-9.0	1.0	13.74602	4.510168e-08
5.0	9.0	-1.0	13.74602	4.418605e-08
-5.0	-9.0	1.0	13.74602	4.418605e-08
-5.0	9.0	-1.0	13.74602	4.510168e-08
5.0	-9.0	-1.0	13.74602	4.848369e-08
-5.0	9.0	1.0	13.74602	4.848369e-08
-2.0	-8.0	8.0	13.75152	1.044028e-07
-2.0	8.0	-8.0	13.75152	1.059227e-07
2.0	-8.0	8.0	13.75152	1.059227e-07
2.0	8.0	8.0	13.75152	1.030594e-07
2.0	-8.0	-8.0	13.75152	1.041014e-07
-2.0	8.0	8.0	13.75152	1.041014e-07
-2.0	-8.0	-8.0	13.75152	1.030594e-07
2.0	8.0	-8.0	13.75152	1.044028e-07
6.0	6.0	-4.0	13.77669	6.027339e-07
6.0	-6.0	4.0	13.77669	6.049047e-07
-6.0	-6.0	4.0	13.77669	6.027339e-07
6.0	-6.0	-4.0	13.77669	6.029396e-07
6.0	6.0	4.0	13.77669	6.009444e-07
-6.0	-6.0	-4.0	13.77669	6.009444e-07
-6.0	6.0	-4.0	13.77669	6.049047e-07
-6.0	6.0	4.0	13.77669	6.029396e-07
-4.0	4.0	-9.0	13.86927	2.072852e-07
4.0	-4.0	-9.0	13.86927	1.944686e-07
-4.0	-4.0	-9.0	13.86927	1.937595e-07
4.0	4.0	-9.0	13.86927	2.076212e-07
-4.0	-4.0	9.0	13.86927	2.076212e-07
4.0	-4.0	9.0	13.86927	2.072852e-07
-4.0	4.0	9.0	13.86927	1.944686e-07
4.0	4.0	9.0	13.86927	1.937595e-07
0.0	-6.0	10.0	13.87114	8.491453e-08
0.0	6.0	10.0	13.87114	8.129754e-08
0.0	-6.0	-10.0	13.87114	8.129754e-08
0.0	6.0	-10.0	13.87114	8.491453e-08
-4.0	-6.0	8.0	13.89953	5.581836e-09
4.0	-6.0	-8.0	13.89953	4.016408e-09
4.0	6.0	8.0	13.89953	4.050398e-09
-4.0	6.0	8.0	13.89953	4.016408e-09
4.0	-6.0	8.0	13.89953	5.242219e-09
-4.0	-6.0	-8.0	13.89953	4.050398e-09
-4.0	6.0	-8.0	13.89953	5.242219e-09
4.0	6.0	-8.0	13.89953	5.581836e-09
5.0	9.0	2.0	13.90460	7.834123e-08
-5.0	-9.0	-2.0	13.90460	7.834123e-08
5.0	-9.0	-2.0	13.90460	7.967179e-08
-5.0	9.0	-2.0	13.90460	7.965190e-08
-5.0	-9.0	2.0	13.90460	7.830850e-08
5.0	9.0	-2.0	13.90460	7.830850e-08
-5.0	9.0	2.0	13.90460	7.967179e-08
5.0	-9.0	2.0	13.90460	7.965190e-08
2.0	10.0	-6.0	13.94334	2.790609e-07
2.0	-10.0	6.0	13.94334	2.818469e-07
-2.0	10.0	6.0	13.94334	2.944242e-07
2.0	-10.0	-6.0	13.94334	2.944242e-07
2.0	10.0	6.0	13.94334	2.913092e-07
-2.0	-10.0	6.0	13.94334	2.790609e-07
-2.0	10.0	-6.0	13.94334	2.818469e-07
-2.0	-10.0	-6.0	13.94334	2.913092e-07
-4.0	-10.0	-3.0	13.96453	9.833822e-09
4.0	-10.0	-3.0	13.96453	9.249068e-09
-4.0	-10.0	3.0	13.96453	7.723339e-09
-4.0	10.0	3.0	13.96453	9.249068e-09
-4.0	10.0	-3.0	13.96453	8.220804e-09
4.0	10.0	3.0	13.96453	9.833822e-09
4.0	10.0	-3.0	13.96453	7.723339e-09
4.0	-10.0	3.0	13.96453	8.220804e-09
7.0	5.0	0.0	13.98844	2.348727e-08
7.0	-5.0	0.0	13.98844	2.373303e-08
-7.0	5.0	0.0	13.98844	2.373303e-08
-7.0	-5.0	0.0	13.98844	2.348727e-08
-6.0	2.0	7.0	14.03321	2.289016e-07
-6.0	-2.0	-7.0	14.03321	2.288213e-07
6.0	-2.0	7.0	14.03321	2.150541e-07
-6.0	2.0	-7.0	14.03321	2.150541e-07
-6.0	-2.0	7.0	14.03321	2.151534e-07
6.0	-2.0	-7.0	14.03321	2.289016e-07
6.0	2.0	7.0	14.03321	2.288213e-07
6.0	2.0	-7.0	14.03321	2.151534e-07
-7.0	5.0	1.0	14.04059	8.712577e-08
7.0	-5.0	-1.0	14.04059	8.712577e-08
7.0	-5.0	1.0	14.04059	7.759572e-08
7.0	5.0	-1.0	14.04059	7.718996e-08
7.0	5.0	1.0	14.04059	8.750928e-08
-7.0	-5.0	-1.0	14.04059	8.750928e-08
-7.0	-5.0	1.0	14.04059	7.718996e-08
-7.0	5.0	-1.0	14.04059	7.759572e-08
7.0	3.0	4.0	14.08944	1.372883e-09
-7.0	3.0	4.0	14.08944	1.385378e-09
-7.0	3.0	-4.0	14.08944	1.522291e-09
7.0	-3.0	4.0	14.08944	1.522291e-09
-7.0	-3.0	-4.0	14.08944	1.372883e-09
7.0	-3.0	-4.0	14.08944	1.385378e-09
7.0	3.0	-4.0	14.08944	1.511471e-09
-7.0	-3.0	4.0	14.08944	1.511471e-09
-4.0	0.0	-10.0	14.12720	8.507624e-08
4.0	0.0	-10.0	14.12720	8.495580e-08
-4.0	0.0	10.0	14.12720	8.495580e-08
4.0	0.0	10.0	14.12720	8.507624e-08
0.0	10.0	7.0	14.14449	1.319933e-09
0.0	10.0	-7.0	14.14449	1.655181e-09
0.0	-10.0	-7.0	14.14449	1.319933e-09
0.0	-10.0	7.0	14.14449	1.655181e-09
0.0	-8.0	9.0	14.16336	1.408917e-07
0.0	8.0	9.0	14.16336	1.535998e-07
0.0	8.0	-9.0	14.16336	1.408917e-07
0.0	-8.0	-9.0	14.16336	1.535998e-07
-5.0	-9.0	3.0	14.16497	3.300381e-08
-5.0	9.0	-3.0	14.16497	3.211259e-08
-5.0	-9.0	-3.0	14.16497	2.825059e-08
5.0	9.0	-3.0	14.16497	3.300381e-08
5.0	9.0	3.0	14.16497	2.825059e-08
-5.0	9.0	3.0	14.16497	2.896381e-08
5.0	-9.0	3.0	14.16497	3.211259e-08
5.0	-9.0	-3.0	14.16497	2.896381e-08
1.0	9.0	-8.0	14.17482	8.678859e-09
-1.0	-9.0	-8.0	14.17482	9.124876e-09
1.0	-9.0	-8.0	14.17482	8.774740e-09
-1.0	9.0	8.0	14.17482	8.774740e-09
1.0	-9.0	8.0	14.17482	8.356355e-09
1.0	9.0	8.0	14.17482	9.124876e-09
-1.0	-9.0	8.0	14.17482	8.678859e-09
-1.0	9.0	-8.0	14.17482	8.356355e-09
-7.0	-1.0	-5.0	14.19127	1.581717e-08
7.0	-1.0	-5.0	14.19127	1.582163e-08
7.0	-1.0	5.0	14.19127	2.073454e-08
-7.0	-1.0	5.0	14.19127	2.070910e-08
7.0	1.0	5.0	14.19127	1.581717e-08
7.0	1.0	-5.0	14.19127	2.070910e-08
-7.0	1.0	-5.0	14.19127	2.073454e-08
-7.0	1.0	5.0	14.19127	1.582163e-08
-7.0	-5.0	2.0	14.19588	2.580824e-08
7.0	5.0	2.0	14.19588	2.684961e-08
7.0	-5.0	2.0	14.19588	2.604213e-08
-7.0	5.0	2.0	14.19588	2.695999e-08
-7.0	-5.0	-2.0	14.19588	2.684961e-08
7.0	5.0	-2.0	14.19588	2.580824e-08
7.0	-5.0	-2.0	14.19588	2.695999e-08
-7.0	5.0	-2.0	14.19588	2.604213e-08
-6.0	8.0	0.0	14.22584	1.715278e-08
6.0	-8.0	0.0	14.22584	1.715278e-08
-6.0	-8.0	0.0	14.22584	1.667610e-08
6.0	8.0	0.0	14.22584	1.667610e-08
-6.0	-6.0	-5.0	14.24614	2.236197e-09
6.0	-6.0	-5.0	14.24614	2.110175e-09
-6.0	6.0	5.0	14.24614	2.110175e-09
6.0	6.0	5.0	14.24614	2.236197e-09
5.0	1.0	-9.0	14.25247	2.046701e-08
-5.0	1.0	9.0	14.25247	2.101811e-08
5.0	-1.0	9.0	14.25247	2.056564e-08
-5.0	1.0	-9.0	14.25247	2.056564e-08
5.0	-1.0	-9.0	14.25247	2.101811e-08
-5.0	-1.0	9.0	14.25247	2.046701e-08
-5.0	-1.0	-9.0	14.25247	2.107879e-08
5.0	1.0	9.0	14.25247	2.107879e-08
-6.0	8.0	-1.0	14.27712	5.987873e-08
6.0	-8.0	1.0	14.27712	5.987873e-08
6.0	8.0	-1.0	14.27712	5.900668e-08
-6.0	-8.0	1.0	14.27712	5.900668e-08
6.0	-8.0	-1.0	14.27712	6.599462e-08
-6.0	8.0	1.0	14.27712	6.599462e-08
6.0	8.0	1.0	14.27712	6.684061e-08
-6.0	-8.0	-1.0	14.27712	6.684061e-08
4.0	-2.0	10.0	14.30788	2.526908e-08
4.0	2.0	-10.0	14.30788	2.561587e-08
-4.0	-2.0	10.0	14.30788	2.561587e-08
-4.0	2.0	-10.0	14.30788	2.526908e-08
-4.0	2.0	10.0	14.30788	2.792350e-08
-4.0	-2.0	-10.0	14.30788	2.820491e-08
4.0	-2.0	-10.0	14.30788	2.792350e-08
4.0	2.0	10.0	14.30788	2.820491e-08
-4.0	-10.0	-4.0	14.32620	9.811550e-08
-4.0	-10.0	4.0	14.32620	9.703049e-08
-4.0	10.0	4.0	14.32620	9.992802e-08
4.0	10.0	-4.0	14.32620	9.703049e-08
-4.0	10.0	-4.0	14.32620	9.864155e-08
4.0	-10.0	4.0	14.32620	9.864155e-08
4.0	10.0	4.0	14.32620	9.811550e-08
4.0	-10.0	-4.0	14.32620	9.992802e-08
-2.0	6.0	10.0	14.34436	7.061077e-08
-2.0	6.0	-10.0	14.34436	6.961673e-08
2.0	-6.0	10.0	14.34436	6.961673e-08
2.0	-6.0	-10.0	14.34436	7.061077e-08
-2.0	-6.0	10.0	14.34436	7.002368e-08
-2.0	-6.0	-10.0	14.34436	7.043388e-08
2.0	6.0	-10.0	14.34436	7.002368e-08
2.0	6.0	10.0	14.34436	7.043388e-08
-4.0	-8.0	-7.0	14.39569	1.633523e-07
-4.0	-8.0	7.0	14.39569	1.541815e-07
4.0	-8.0	-7.0	14.39569	1.616787e-07
-4.0	8.0	7.0	14.39569	1.616787e-07
4.0	-8.0	7.0	14.39569	1.561539e-07
4.0	8.0	7.0	14.39569	1.633523e-07
-4.0	8.0	-7.0	14.39569	1.561539e-07
4.0	8.0	-7.0	14.39569	1.541815e-07
-6.0	8.0	2.0	14.42988	2.558803e-08
6.0	-8.0	-2.0	14.42988	2.558803e-08
6.0	-8.0	2.0	14.42988	2.478613e-08
-6.0	8.0	-2.0	14.42988	2.478613e-08
-6.0	-8.0	-2.0	14.42988	2.514641e-08
-6.0	-8.0	2.0	14.42988	2.425284e-08
6.0	8.0	-2.0	14.42988	2.425284e-08
6.0	8.0	2.0	14.42988	2.514641e-08
-3.0	-5.0	10.0	14.43337	1.842326e-08
3.0	5.0	-10.0	14.43337	1.842326e-08
-3.0	5.0	-10.0	14.43337	1.837967e-08
-3.0	-5.0	-10.0	14.43337	2.124808e-08
3.0	5.0	10.0	14.43337	2.124808e-08
3.0	-5.0	-10.0	14.43337	2.088174e-08
3.0	-5.0	10.0	14.43337	1.837967e-08
-3.0	5.0	10.0	14.43337	2.088174e-08
-7.0	5.0	-3.0	14.45101	9.200597e-09
7.0	-5.0	3.0	14.45101	9.200597e-09
7.0	5.0	-3.0	14.45101	9.358851e-09
-7.0	-5.0	-3.0	14.45101	6.558476e-09
7.0	5.0	3.0	14.45101	6.558476e-09
-7.0	-5.0	3.0	14.45101	9.358851e-09
7.0	-5.0	-3.0	14.45101	6.595349e-09
-7.0	5.0	3.0	14.45101	6.595349e-09
5.0	-5.0	8.0	14.46066	5.962227e-08
-5.0	5.0	8.0	14.46066	6.000690e-08
-5.0	5.0	-8.0	14.46066	5.962227e-08
-5.0	-5.0	8.0	14.46066	5.930705e-08
-5.0	-5.0	-8.0	14.46066	5.996864e-08
5.0	5.0	-8.0	14.46066	5.930705e-08
5.0	5.0	8.0	14.46066	5.996864e-08
5.0	-5.0	-8.0	14.46066	6.000690e-08
-5.0	9.0	-4.0	14.52165	1.631471e-09
5.0	-9.0	4.0	14.52165	1.631471e-09
-5.0	9.0	4.0	14.52165	1.616719e-09
5.0	9.0	4.0	14.52165	1.465529e-09
-5.0	-9.0	4.0	14.52165	1.462208e-09
5.0	9.0	-4.0	14.52165	1.462208e-09
-5.0	-9.0	-4.0	14.52165	1.465529e-09
5.0	-9.0	-4.0	14.52165	1.616719e-09
3.0	7.0	-9.0	14.53880	1.816012e-08
-3.0	7.0	-9.0	14.53880	1.759028e-08
3.0	-7.0	9.0	14.53880	1.759028e-08
-3.0	-7.0	-9.0	14.53880	1.809180e-08
3.0	-7.0	-9.0	14.53880	1.830986e-08
-3.0	-7.0	9.0	14.53880	1.816012e-08
3.0	7.0	9.0	14.53880	1.809180e-08
-3.0	7.0	9.0	14.53880	1.830986e-08
7.0	-3.0	5.0	14.54880	1.573482e-08
-7.0	3.0	5.0	14.54880	1.964391e-08
-7.0	-3.0	-5.0	14.54880	1.978024e-08
-7.0	3.0	-5.0	14.54880	1.573482e-08
7.0	3.0	-5.0	14.54880	1.573317e-08
-7.0	-3.0	5.0	14.54880	1.573317e-08
7.0	3.0	5.0	14.54880	1.978024e-08
7.0	-3.0	-5.0	14.54880	1.964391e-08
-6.0	4.0	7.0	14.57203	7.703853e-09
-6.0	-4.0	-7.0	14.57203	7.695262e-09
6.0	4.0	7.0	14.57203	7.695262e-09
6.0	-4.0	-7.0	14.57203	7.703853e-09
6.0	-4.0	7.0	14.57203	6.542767e-09
6.0	4.0	-7.0	14.57203	6.499393e-09
-6.0	4.0	-7.0	14.57203	6.542767e-09
-6.0	-4.0	7.0	14.57203	6.499393e-09
-1.0	7.0	10.0	14.57547	1.811492e-08
1.0	-7.0	-10.0	14.57547	1.811492e-08
-1.0	-7.0	-10.0	14.57547	1.799353e-08
1.0	-7.0	10.0	14.57547	2.015430e-08
1.0	7.0	-10.0	14.57547	1.990659e-08
-1.0	-7.0	10.0	14.57547	1.990659e-08
1.0	7.0	10.0	14.57547	1.799353e-08
-1.0	7.0	-10.0	14.57547	2.015430e-08
5.0	-3.0	-9.0	14.60850	3.685578e-09
5.0	3.0	-9.0	14.60850	3.142735e-09
-5.0	3.0	9.0	14.60850	3.685578e-09
-5.0	3.0	-9.0	14.60850	3.120545e-09
5.0	-3.0	9.0	14.60850	3.120545e-09
-5.0	-3.0	-9.0	14.60850	3.786078e-09
5.0	3.0	9.0	14.60850	3.786078e-09
-5.0	-3.0	9.0	14.60850	3.142735e-09
2.0	10.0	-7.0	14.60886	1.392907e-07
-2.0	10.0	-7.0	14.60886	1.375599e-07
-2.0	-10.0	-7.0	14.60886	1.344354e-07
-2.0	10.0	7.0	14.60886	1.363892e-07
2.0	10.0	7.0	14.60886	1.344354e-07
2.0	-10.0	-7.0	14.60886	1.363892e-07
-2.0	-10.0	7.0	14.60886	1.392907e-07
2.0	-10.0	7.0	14.60886	1.375599e-07
-8.0	0.0	0.0	14.61631	4.245007e-08
8.0	0.0	0.0	14.61631	4.245007e-08
6.0	0.0	8.0	14.61911	5.622802e-09
-6.0	0.0	-8.0	14.61911	5.622802e-09
6.0	0.0	-8.0	14.61911	5.623270e-09
-6.0	0.0	8.0	14.61911	5.623270e-09
-2.0	8.0	9.0	14.62713	8.795802e-09
-2.0	8.0	-9.0	14.62713	1.015595e-08
2.0	8.0	9.0	14.62713	9.129811e-09
-2.0	-8.0	9.0	14.62713	9.722371e-09
2.0	8.0	-9.0	14.62713	9.722371e-09
-2.0	-8.0	-9.0	14.62713	9.129811e-09
2.0	-8.0	-9.0	14.62713	8.795802e-09
2.0	-8.0	9.0	14.62713	1.015595e-08
6.0	8.0	3.0	14.68093	3.250599e-09
6.0	-8.0	-3.0	14.68093	3.372362e-09
-6.0	8.0	-3.0	14.68093	4.749213e-09
6.0	8.0	-3.0	14.68093	5.001614e-09
-6.0	-8.0	3.0	14.68093	5.001614e-09
-6.0	8.0	3.0	14.68093	3.372362e-09
-6.0	-8.0	-3.0	14.68093	3.250599e-09
6.0	-8.0	3.0	14.68093	4.749213e-09
7.0	1.0	-6.0	14.74688	1.217590e-08
7.0	1.0	6.0	14.74688	1.261425e-08
7.0	-1.0	-6.0	14.74688	1.264840e-08
7.0	-1.0	6.0	14.74688	1.222434e-08
-7.0	-1.0	6.0	14.74688	1.217590e-08
-7.0	-1.0	-6.0	14.74688	1.261425e-08
-7.0	1.0	6.0	14.74688	1.264840e-08
-7.0	1.0	-6.0	14.74688	1.222434e-08
5.0	7.0	-7.0	14.76523	9.095964e-09
-5.0	7.0	7.0	14.76523	9.973613e-09
-5.0	7.0	-7.0	14.76523	9.348526e-09
5.0	-7.0	-7.0	14.76523	9.973613e-09
5.0	7.0	7.0	14.76523	1.020278e-08
-5.0	-7.0	7.0	14.76523	9.095964e-09
-5.0	-7.0	-7.0	14.76523	1.020278e-08
5.0	-7.0	7.0	14.76523	9.348526e-09
4.0	6.0	-9.0	14.76636	3.596727e-09
4.0	-6.0	9.0	14.76636	3.365009e-09
-4.0	6.0	-9.0	14.76636	3.365009e-09
-4.0	-6.0	-9.0	14.76636	4.175417e-09
4.0	-6.0	-9.0	14.76636	4.150798e-09
-4.0	-6.0	9.0	14.76636	3.596727e-09
4.0	6.0	9.0	14.76636	4.175417e-09
-4.0	6.0	9.0	14.76636	4.150798e-09
4.0	10.0	-5.0	14.77820	7.937257e-09
-4.0	10.0	-5.0	14.77820	7.574862e-09
4.0	-10.0	5.0	14.77820	7.574862e-09
-4.0	10.0	5.0	14.77820	6.480792e-09
-4.0	-10.0	5.0	14.77820	7.937257e-09
4.0	10.0	5.0	14.77820	6.096883e-09
4.0	-10.0	-5.0	14.77820	6.480792e-09
-4.0	-10.0	-5.0	14.77820	6.096883e-09
-8.0	2.0	0.0	14.79102	5.228637e-08
8.0	2.0	0.0	14.79102	5.238892e-08
-8.0	-2.0	0.0	14.79102	5.238892e-08
8.0	-2.0	0.0	14.79102	5.228637e-08
6.0	2.0	8.0	14.79379	1.183465e-08
6.0	-2.0	8.0	14.79379	1.360299e-08
-6.0	2.0	-8.0	14.79379	1.360299e-08
-6.0	2.0	8.0	14.79379	1.183751e-08
6.0	-2.0	-8.0	14.79379	1.183751e-08
-6.0	-2.0	-8.0	14.79379	1.183465e-08
6.0	2.0	-8.0	14.79379	1.361293e-08
-6.0	-2.0	8.0	14.79379	1.361293e-08
6.0	6.0	6.0	14.79970	1.814674e-08
-6.0	-6.0	6.0	14.79970	1.804823e-08
6.0	-6.0	-6.0	14.79970	1.791917e-08
6.0	6.0	-6.0	14.79970	1.804823e-08
-6.0	6.0	-6.0	14.79970	1.779577e-08
-6.0	-6.0	-6.0	14.79970	1.814674e-08
-6.0	6.0	6.0	14.79970	1.791917e-08
6.0	-6.0	6.0	14.79970	1.779577e-08
7.0	-5.0	4.0	14.80079	2.665056e-09
-7.0	5.0	-4.0	14.80079	2.665056e-09
-7.0	5.0	4.0	14.80079	2.629425e-09
7.0	5.0	4.0	14.80079	2.582358e-09
7.0	5.0	-4.0	14.80079	2.587066e-09
-7.0	-5.0	4.0	14.80079	2.587066e-09
-7.0	-5.0	-4.0	14.80079	2.582358e-09
7.0	-5.0	-4.0	14.80079	2.629425e-09
8.0	0.0	2.0	14.81497	1.783897e-07
-8.0	0.0	2.0	14.81497	1.781751e-07
8.0	0.0	-2.0	14.81497	1.781751e-07
-8.0	0.0	-2.0	14.81497	1.783897e-07
-4.0	-4.0	-10.0	14.83674	8.606027e-08
4.0	4.0	10.0	14.83674	8.606027e-08
-4.0	-4.0	10.0	14.83674	8.089407e-08
-4.0	4.0	-10.0	14.83674	8.067392e-08
4.0	-4.0	-10.0	14.83674	8.557330e-08
4.0	4.0	-10.0	14.83674	8.089407e-08
-4.0	4.0	10.0	14.83674	8.557330e-08
4.0	-4.0	10.0	14.83674	8.067392e-08
-8.0	-2.0	-1.0	14.84035	7.259098e-08
8.0	-2.0	-1.0	14.84035	7.276674e-08
-8.0	2.0	1.0	14.84035	7.276674e-08
8.0	2.0	-1.0	14.84035	6.377158e-08
8.0	2.0	1.0	14.84035	7.259098e-08
8.0	-2.0	1.0	14.84035	6.368782e-08
-8.0	2.0	-1.0	14.84035	6.368782e-08
-8.0	-2.0	1.0	14.84035	6.377158e-08
0.0	-10.0	8.0	14.89939	3.545126e-08
0.0	10.0	-8.0	14.89939	3.545126e-08
0.0	10.0	8.0	14.89939	3.647065e-08
0.0	-10.0	-8.0	14.89939	3.647065e-08
5.0	-9.0	-5.0	14.96775	1.273369e-08
5.0	9.0	5.0	14.96775	1.325447e-08
-5.0	9.0	-5.0	14.96775	1.112810e-08
-5.0	-9.0	-5.0	14.96775	1.325447e-08
-5.0	-9.0	5.0	14.96775	1.075310e-08
5.0	9.0	-5.0	14.96775	1.075310e-08
-5.0	9.0	5.0	14.96775	1.273369e-08
5.0	-9.0	5.0	14.96775	1.112810e-08
-8.0	-2.0	2.0	14.98736	1.660815e-09
8.0	-2.0	-2.0	14.98736	1.798327e-09
-8.0	2.0	-2.0	14.98736	1.650431e-09
-8.0	2.0	2.0	14.98736	1.798327e-09
8.0	2.0	-2.0	14.98736	1.660815e-09
8.0	-2.0	2.0	14.98736	1.650431e-09
8.0	2.0	2.0	14.98736	1.834336e-09
-8.0	-2.0	-2.0	14.98736	1.834336e-09
-1.0	9.0	-9.0	15.02578	2.689726e-09
1.0	-9.0	-9.0	15.02578	2.149941e-09
-1.0	-9.0	9.0	15.02578	2.537358e-09
-1.0	-9.0	-9.0	15.02578	2.311654e-09
1.0	9.0	9.0	15.02578	2.311654e-09
1.0	-9.0	9.0	15.02578	2.689726e-09
-1.0	9.0	9.0	15.02578	2.149941e-09
1.0	9.0	-9.0	15.02578	2.537358e-09
3.0	-9.0	8.0	15.08741	1.875328e-09
-3.0	-9.0	-8.0	15.08741	1.945184e-09
-3.0	9.0	-8.0	15.08741	1.875328e-09
3.0	9.0	-8.0	15.08741	1.647946e-09
-3.0	-9.0	8.0	15.08741	1.647946e-09
3.0	9.0	8.0	15.08741	1.945184e-09
3.0	-9.0	-8.0	15.08741	2.157916e-09
-3.0	9.0	8.0	15.08741	2.157916e-09
7.0	-3.0	-6.0	15.09126	4.573106e-08
-7.0	-3.0	-6.0	15.09126	4.560048e-08
7.0	-3.0	6.0	15.09126	4.583510e-08
-7.0	-3.0	6.0	15.09126	4.586603e-08
-7.0	3.0	-6.0	15.09126	4.583510e-08
7.0	3.0	6.0	15.09126	4.560048e-08
-7.0	3.0	6.0	15.09126	4.573106e-08
7.0	3.0	-6.0	15.09126	4.586603e-08
7.0	7.0	-1.0	15.09850	1.462492e-08
7.0	-7.0	1.0	15.09850	1.432480e-08
-7.0	-7.0	1.0	15.09850	1.462492e-08
-7.0	7.0	-1.0	15.09850	1.432480e-08
-7.0	-7.0	-1.0	15.09850	1.105638e-08
-7.0	7.0	1.0	15.09850	1.128555e-08
7.0	-7.0	-1.0	15.09850	1.128555e-08
7.0	7.0	1.0	15.09850	1.105638e-08
0.0	-8.0	10.0	15.11201	7.127005e-08
0.0	8.0	-10.0	15.11201	7.127005e-08
0.0	-8.0	-10.0	15.11201	6.839397e-08
0.0	8.0	10.0	15.11201	6.839397e-08
4.0	-8.0	8.0	15.13807	9.581263e-09
-4.0	-8.0	-8.0	15.13807	8.558764e-09
-4.0	8.0	8.0	15.13807	8.215158e-09
4.0	-8.0	-8.0	15.13807	8.215158e-09
4.0	8.0	8.0	15.13807	8.558764e-09
4.0	8.0	-8.0	15.13807	1.003863e-08
-4.0	8.0	-8.0	15.13807	9.581263e-09
-4.0	-8.0	8.0	15.13807	1.003863e-08
-5.0	-1.0	-10.0	15.19555	5.199318e-09
-5.0	1.0	10.0	15.19555	5.167423e-09
5.0	-1.0	-10.0	15.19555	5.167423e-09
-5.0	-1.0	10.0	15.19555	5.446107e-09
5.0	1.0	10.0	15.19555	5.199318e-09
-5.0	1.0	-10.0	15.19555	5.398552e-09
5.0	-1.0	10.0	15.19555	5.398552e-09
5.0	1.0	-10.0	15.19555	5.446107e-09
-8.0	-2.0	-3.0	15.22923	1.779877e-09
8.0	-2.0	-3.0	15.22923	1.805119e-09
8.0	2.0	3.0	15.22923	1.779877e-09
-8.0	2.0	3.0	15.22923	1.805119e-09
-7.0	-5.0	5.0	15.23872	8.108025e-08
-7.0	5.0	5.0	15.23872	8.952794e-08
7.0	5.0	5.0	15.23872	8.970719e-08
7.0	5.0	-5.0	15.23872	8.108025e-08
7.0	-5.0	-5.0	15.23872	8.952794e-08
-7.0	5.0	-5.0	15.23872	8.151919e-08
7.0	-5.0	5.0	15.23872	8.151919e-08
-7.0	-5.0	-5.0	15.23872	8.970719e-08
7.0	-7.0	-2.0	15.24302	4.047065e-08
7.0	7.0	2.0	15.24302	4.010434e-08
-7.0	7.0	2.0	15.24302	4.047065e-08
7.0	7.0	-2.0	15.24302	4.003909e-08
-7.0	7.0	-2.0	15.24302	4.048215e-08
-7.0	-7.0	-2.0	15.24302	4.010434e-08
-7.0	-7.0	2.0	15.24302	4.003909e-08
7.0	-7.0	2.0	15.24302	4.048215e-08
-5.0	5.0	9.0	15.29573	4.800978e-09
-5.0	5.0	-9.0	15.29573	5.305415e-09
5.0	5.0	-9.0	15.29573	5.420427e-09
5.0	5.0	9.0	15.29573	4.815508e-09
5.0	-5.0	-9.0	15.29573	4.800978e-09
-5.0	-5.0	-9.0	15.29573	4.815508e-09
5.0	-5.0	9.0	15.29573	5.305415e-09
-5.0	-5.0	9.0	15.29573	5.420427e-09
6.0	4.0	8.0	15.30586	2.750822e-09
-6.0	4.0	8.0	15.30586	2.729140e-09
-6.0	-4.0	-8.0	15.30586	2.750822e-09
-6.0	4.0	-8.0	15.30586	2.466485e-09
6.0	4.0	-8.0	15.30586	2.463428e-09
6.0	-4.0	-8.0	15.30586	2.729140e-09
6.0	-4.0	8.0	15.30586	2.466485e-09
-6.0	-4.0	8.0	15.30586	2.463428e-09
4.0	10.0	-6.0	15.31253	5.727808e-09
-4.0	10.0	-6.0	15.31253	5.440282e-09
4.0	-10.0	6.0	15.31253	5.440282e-09
4.0	10.0	6.0	15.31253	5.694338e-09
-4.0	-10.0	6.0	15.31253	5.727808e-09
-4.0	10.0	6.0	15.31253	5.368058e-09
-4.0	-10.0	-6.0	15.31253	5.694338e-09
4.0	-10.0	-6.0	15.31253	5.368058e-09
-2.0	-10.0	-8.0	15.34093	5.414852e-09
-2.0	-10.0	8.0	15.34093	4.914434e-09
2.0	-10.0	-8.0	15.34093	5.079430e-09
2.0	10.0	8.0	15.34093	5.414852e-09
-2.0	10.0	-8.0	15.34093	4.632910e-09
2.0	-10.0	8.0	15.34093	4.632910e-09
2.0	10.0	-8.0	15.34093	4.914434e-09
-2.0	10.0	8.0	15.34093	5.079430e-09
8.0	4.0	1.0	15.35087	7.125189e-09
8.0	-4.0	1.0	15.35087	4.952431e-09
8.0	4.0	-1.0	15.35087	4.862289e-09
-8.0	-4.0	-1.0	15.35087	7.125189e-09
-8.0	4.0	-1.0	15.35087	4.952431e-09
8.0	-4.0	-1.0	15.35087	7.071078e-09
-8.0	-4.0	1.0	15.35087	4.862289e-09
-8.0	4.0	1.0	15.35087	7.071078e-09
7.0	-1.0	-7.0	15.37766	2.257984e-09
-7.0	-1.0	-7.0	15.37766	2.287059e-09
7.0	-1.0	7.0	15.37766	3.642319e-09
-7.0	-1.0	7.0	15.37766	3.602145e-09
7.0	1.0	7.0	15.37766	2.287059e-09
-7.0	1.0	-7.0	15.37766	3.642319e-09
-7.0	1.0	7.0	15.37766	2.257984e-09
7.0	1.0	-7.0	15.37766	3.602145e-09
8.0	0.0	4.0	15.39557	4.054342e-08
-8.0	0.0	4.0	15.39557	4.072523e-08
8.0	0.0	-4.0	15.39557	4.072523e-08
-8.0	0.0	-4.0	15.39557	4.054342e-08
6.0	8.0	5.0	15.45693	6.622778e-08
-6.0	8.0	-5.0	15.45693	6.061173e-08
-6.0	8.0	5.0	15.45693	6.570136e-08
-6.0	-8.0	5.0	15.45693	5.987722e-08
6.0	-8.0	-5.0	15.45693	6.570136e-08
6.0	8.0	-5.0	15.45693	5.987722e-08
6.0	-8.0	5.0	15.45693	6.061173e-08
-6.0	-8.0	-5.0	15.45693	6.622778e-08
-3.0	-7.0	-10.0	15.46444	4.131195e-09
3.0	-7.0	10.0	15.46444	4.150317e-09
3.0	7.0	10.0	15.46444	4.131195e-09
3.0	-7.0	-10.0	15.46444	4.189162e-09
-3.0	-7.0	10.0	15.46444	3.948797e-09
3.0	7.0	-10.0	15.46444	3.948797e-09
-3.0	7.0	10.0	15.46444	4.189162e-09
-3.0	7.0	-10.0	15.46444	4.150317e-09
-7.0	7.0	-3.0	15.48089	2.994032e-08
7.0	7.0	3.0	15.48089	2.580994e-08
-7.0	7.0	3.0	15.48089	2.604501e-08
7.0	7.0	-3.0	15.48089	3.028197e-08
-7.0	-7.0	3.0	15.48089	3.028197e-08
-7.0	-7.0	-3.0	15.48089	2.580994e-08
7.0	-7.0	-3.0	15.48089	2.604501e-08
7.0	-7.0	3.0	15.48089	2.994032e-08
-5.0	-7.0	-8.0	15.48991	2.467643e-09
-5.0	-7.0	8.0	15.48991	2.102852e-09
5.0	7.0	8.0	15.48991	2.467643e-09
5.0	7.0	-8.0	15.48991	2.102852e-09
-5.0	7.0	-8.0	15.48991	2.207892e-09
5.0	-7.0	8.0	15.48991	2.207892e-09
-5.0	7.0	8.0	15.48991	2.531354e-09
5.0	-7.0	-8.0	15.48991	2.531354e-09
-8.0	4.0	2.0	15.49304	3.789140e-08
8.0	4.0	2.0	15.49304	3.779963e-08
-8.0	-4.0	-2.0	15.49304	3.779963e-08
-8.0	4.0	-2.0	15.49304	3.750185e-08
8.0	4.0	-2.0	15.49304	3.731056e-08
8.0	-4.0	2.0	15.49304	3.750185e-08
8.0	-4.0	-2.0	15.49304	3.789140e-08
-8.0	-4.0	2.0	15.49304	3.731056e-08
5.0	9.0	6.0	15.49555	3.110127e-08
5.0	-9.0	-6.0	15.49555	3.176896e-08
-5.0	9.0	6.0	15.49555	3.176896e-08
-5.0	9.0	-6.0	15.49555	3.185098e-08
-5.0	-9.0	6.0	15.49555	3.128019e-08
5.0	9.0	-6.0	15.49555	3.128019e-08
-5.0	-9.0	-6.0	15.49555	3.110127e-08
5.0	-9.0	6.0	15.49555	3.185098e-08
5.0	-3.0	-10.0	15.52998	7.015940e-08
-5.0	-3.0	10.0	15.52998	6.937986e-08
5.0	-3.0	10.0	15.52998	6.933476e-08
-5.0	-3.0	-10.0	15.52998	7.042444e-08
5.0	3.0	-10.0	15.52998	6.937986e-08
-5.0	3.0	10.0	15.52998	7.015940e-08
5.0	3.0	10.0	15.52998	7.042444e-08
-5.0	3.0	-10.0	15.52998	6.933476e-08
2.0	-8.0	10.0	15.54751	7.006055e-09
2.0	8.0	10.0	15.54751	7.021381e-09
2.0	-8.0	-10.0	15.54751	7.256612e-09
-2.0	-8.0	-10.0	15.54751	7.021381e-09
-2.0	8.0	10.0	15.54751	7.256612e-09
2.0	8.0	-10.0	15.54751	6.685145e-09
-2.0	-8.0	10.0	15.54751	6.685145e-09
-2.0	8.0	-10.0	15.54751	7.006055e-09
-8.0	2.0	-4.0	15.56153	2.482388e-09
-8.0	2.0	4.0	15.56153	2.344194e-09
8.0	-2.0	-4.0	15.56153	2.344194e-09
8.0	2.0	-4.0	15.56153	2.459018e-09
8.0	2.0	4.0	15.56153	2.360329e-09
-8.0	-2.0	-4.0	15.56153	2.360329e-09
8.0	-2.0	4.0	15.56153	2.482388e-09
-8.0	-2.0	4.0	15.56153	2.459018e-09
6.0	-2.0	-9.0	15.61105	3.820520e-08
6.0	2.0	9.0	15.61105	3.813741e-08
-6.0	2.0	9.0	15.61105	3.820520e-08
-6.0	2.0	-9.0	15.61105	4.034773e-08
6.0	2.0	-9.0	15.61105	4.035342e-08
-6.0	-2.0	9.0	15.61105	4.035342e-08
-6.0	-2.0	-9.0	15.61105	3.813741e-08
6.0	-2.0	9.0	15.61105	4.034773e-08
4.0	-6.0	-10.0	15.67857	4.745836e-08
-4.0	-6.0	-10.0	15.67857	4.744398e-08
-4.0	6.0	10.0	15.67857	4.745836e-08
-4.0	6.0	-10.0	15.67857	4.630085e-08
-4.0	-6.0	10.0	15.67857	4.581740e-08
4.0	-6.0	10.0	15.67857	4.630085e-08
4.0	6.0	-10.0	15.67857	4.581740e-08
4.0	6.0	10.0	15.67857	4.744398e-08
-7.0	-3.0	-7.0	15.70821	1.320252e-09
-7.0	3.0	-7.0	15.70821	2.321663e-09
7.0	3.0	7.0	15.70821	1.320252e-09
-7.0	-3.0	7.0	15.70821	2.317639e-09
7.0	3.0	-7.0	15.70821	2.317639e-09
7.0	-3.0	-7.0	15.70821	1.321589e-09
-7.0	3.0	7.0	15.70821	1.321589e-09
7.0	-3.0	7.0	15.70821	2.321663e-09
0.0	10.0	-9.0	15.71116	1.019201e-08
0.0	-10.0	-9.0	15.71116	9.315375e-09
0.0	10.0	9.0	15.71116	9.315375e-09
0.0	-10.0	9.0	15.71116	1.019201e-08
8.0	4.0	-3.0	15.72713	8.341611e-08
8.0	-4.0	-3.0	15.72713	7.582733e-08
8.0	4.0	3.0	15.72713	7.576782e-08
-8.0	4.0	3.0	15.72713	7.582733e-08
-8.0	-4.0	-3.0	15.72713	7.576782e-08
-8.0	4.0	-3.0	15.72713	8.321253e-08
8.0	-4.0	3.0	15.72713	8.321253e-08
-8.0	-4.0	3.0	15.72713	8.341611e-08
-7.0	5.0	6.0	15.75745	4.953934e-09
-7.0	-5.0	6.0	15.75745	5.278997e-09
7.0	-5.0	6.0	15.75745	5.179723e-09
7.0	5.0	6.0	15.75745	4.994852e-09
-7.0	5.0	-6.0	15.75745	5.179723e-09
-7.0	-5.0	-6.0	15.75745	4.994852e-09
7.0	-5.0	-6.0	15.75745	4.953934e-09
7.0	5.0	-6.0	15.75745	5.278997e-09
7.0	-7.0	4.0	15.80791	6.077922e-09
-7.0	-7.0	4.0	15.80791	6.209111e-09
7.0	7.0	4.0	15.80791	6.206036e-09
7.0	7.0	-4.0	15.80791	6.209111e-09
-7.0	7.0	-4.0	15.80791	6.077922e-09
-7.0	7.0	4.0	15.80791	6.125733e-09
-7.0	-7.0	-4.0	15.80791	6.206036e-09
7.0	-7.0	-4.0	15.80791	6.125733e-09
-6.0	-10.0	-1.0	15.81379	1.569796e-09
6.0	-10.0	-1.0	15.81379	1.484540e-09
6.0	10.0	1.0	15.81379	1.569796e-09
-6.0	10.0	1.0	15.81379	1.484540e-09
4.0	-10.0	7.0	15.92092	7.567589e-09
-4.0	10.0	7.0	15.92092	7.114629e-09
-4.0	-10.0	7.0	15.92092	7.870793e-09
-4.0	10.0	-7.0	15.92092	7.567589e-09
4.0	10.0	-7.0	15.92092	7.870793e-09
4.0	-10.0	-7.0	15.92092	7.114629e-09
4.0	10.0	7.0	15.92092	6.813810e-09
-4.0	-10.0	-7.0	15.92092	6.813810e-09
1.0	9.0	10.0	15.92314	5.063411e-08
1.0	9.0	-10.0	15.92314	5.072443e-08
-1.0	9.0	-10.0	15.92314	5.134050e-08
-1.0	9.0	10.0	15.92314	5.117617e-08
1.0	-9.0	-10.0	15.92314	5.117617e-08
1.0	-9.0	10.0	15.92314	5.134050e-08
-1.0	-9.0	-10.0	15.92314	5.063411e-08
-1.0	-9.0	10.0	15.92314	5.072443e-08
4.0	8.0	-9.0	15.93768	2.512719e-08
4.0	-8.0	-9.0	15.93768	2.487655e-08
-4.0	8.0	9.0	15.93768	2.487655e-08
4.0	-8.0	9.0	15.93768	2.450613e-08
-4.0	8.0	-9.0	15.93768	2.450613e-08
-4.0	-8.0	-9.0	15.93768	2.435997e-08
4.0	8.0	9.0	15.93768	2.435997e-08
-4.0	-8.0	9.0	15.93768	2.512719e-08
-6.0	-10.0	2.0	15.95184	2.054592e-08
6.0	-10.0	2.0	15.95184	2.087502e-08
-6.0	-10.0	-2.0	15.95184	2.085078e-08
-6.0	10.0	-2.0	15.95184	2.087502e-08
6.0	-10.0	-2.0	15.95184	2.116300e-08
-6.0	10.0	2.0	15.95184	2.116300e-08
6.0	10.0	-2.0	15.95184	2.054592e-08
6.0	10.0	2.0	15.95184	2.085078e-08
-6.0	8.0	6.0	15.96857	2.886234e-09
6.0	-8.0	6.0	15.96857	2.988326e-09
6.0	8.0	-6.0	15.96857	3.131109e-09
-6.0	8.0	-6.0	15.96857	2.988326e-09
6.0	8.0	6.0	15.96857	2.996184e-09
-6.0	-8.0	6.0	15.96857	3.131109e-09
6.0	-8.0	-6.0	15.96857	2.886234e-09
-6.0	-8.0	-6.0	15.96857	2.996184e-09
8.0	-2.0	-5.0	15.97862	7.140025e-08
8.0	-2.0	5.0	15.97862	6.456696e-08
-8.0	-2.0	-5.0	15.97862	7.135229e-08
8.0	2.0	5.0	15.97862	7.135229e-08
-8.0	-2.0	5.0	15.97862	6.443986e-08
-8.0	2.0	5.0	15.97862	7.140025e-08
8.0	2.0	-5.0	15.97862	6.443986e-08
-8.0	2.0	-5.0	15.97862	6.456696e-08
-8.0	-4.0	-4.0	16.04913	6.011937e-09
8.0	-4.0	4.0	16.04913	5.855619e-09
-8.0	-4.0	4.0	16.04913	5.899897e-09
8.0	4.0	-4.0	16.04913	5.899897e-09
-8.0	4.0	4.0	16.04913	6.036523e-09
-8.0	4.0	-4.0	16.04913	5.855619e-09
8.0	-4.0	-4.0	16.04913	6.036523e-09
8.0	4.0	4.0	16.04913	6.011937e-09
7.0	-1.0	-8.0	16.07476	6.326663e-09
-7.0	-1.0	-8.0	16.07476	6.271097e-09
7.0	1.0	-8.0	16.07476	6.318514e-09
-7.0	-1.0	8.0	16.07476	6.318514e-09
7.0	-1.0	8.0	16.07476	6.380695e-09
7.0	1.0	8.0	16.07476	6.271097e-09
-7.0	1.0	-8.0	16.07476	6.380695e-09
-7.0	1.0	8.0	16.07476	6.326663e-09
-5.0	-9.0	7.0	16.09702	1.263829e-09
5.0	-9.0	7.0	16.09702	1.163933e-09
-5.0	9.0	-7.0	16.09702	1.163933e-09
5.0	9.0	-7.0	16.09702	1.263829e-09
-6.0	4.0	-9.0	16.09715	2.457056e-09
-6.0	-4.0	-9.0	16.09715	3.276176e-09
6.0	-4.0	-9.0	16.09715	3.288581e-09
6.0	-4.0	9.0	16.09715	2.457056e-09
6.0	4.0	9.0	16.09715	3.276176e-09
6.0	4.0	-9.0	16.09715	2.476121e-09
-6.0	4.0	9.0	16.09715	3.288581e-09
-6.0	-4.0	9.0	16.09715	2.476121e-09
8.0	-6.0	0.0	16.12068	1.004581e-07
8.0	6.0	0.0	16.12068	1.005655e-07
-8.0	6.0	0.0	16.12068	1.004581e-07
-8.0	-6.0	0.0	16.12068	1.005655e-07
6.0	-6.0	-8.0	16.12322	7.952550e-08
-6.0	6.0	-8.0	16.12322	7.957828e-08
-6.0	-6.0	-8.0	16.12322	7.925782e-08
-6.0	-6.0	8.0	16.12322	7.919791e-08
6.0	-6.0	8.0	16.12322	7.957828e-08
6.0	6.0	8.0	16.12322	7.925782e-08
-6.0	6.0	8.0	16.12322	7.952550e-08
6.0	6.0	-8.0	16.12322	7.919791e-08
2.0	-10.0	-9.0	16.13049	1.852704e-08
2.0	10.0	-9.0	16.13049	1.928359e-08
-2.0	10.0	9.0	16.13049	1.852704e-08
2.0	-10.0	9.0	16.13049	1.982869e-08
-2.0	-10.0	9.0	16.13049	1.928359e-08
-2.0	10.0	-9.0	16.13049	1.982869e-08
-2.0	-10.0	-9.0	16.13049	1.908739e-08
2.0	10.0	9.0	16.13049	1.908739e-08
8.0	6.0	-1.0	16.16595	1.775814e-09
-8.0	-6.0	-1.0	16.16595	1.149346e-09
8.0	-6.0	-1.0	16.16595	1.147371e-09
8.0	6.0	1.0	16.16595	1.149346e-09
-8.0	6.0	1.0	16.16595	1.147371e-09
-8.0	-6.0	1.0	16.16595	1.775814e-09
8.0	-6.0	1.0	16.16595	1.749303e-09
-8.0	6.0	-1.0	16.16595	1.749303e-09
-6.0	10.0	-3.0	16.17929	5.308108e-08
6.0	10.0	-3.0	16.17929	5.352678e-08
-6.0	-10.0	-3.0	16.17929	4.925815e-08
6.0	-10.0	-3.0	16.17929	4.968847e-08
6.0	-10.0	3.0	16.17929	5.308108e-08
-6.0	10.0	3.0	16.17929	4.968847e-08
6.0	10.0	3.0	16.17929	4.925815e-08
-6.0	-10.0	3.0	16.17929	5.352678e-08
-7.0	7.0	-5.0	16.21866	2.045087e-08
7.0	7.0	5.0	16.21866	1.806572e-08
7.0	-7.0	5.0	16.21866	2.045087e-08
-7.0	7.0	5.0	16.21866	1.811488e-08
-7.0	-7.0	5.0	16.21866	2.060646e-08
7.0	-7.0	-5.0	16.21866	1.811488e-08
-7.0	-7.0	-5.0	16.21866	1.806572e-08
7.0	7.0	-5.0	16.21866	2.060646e-08
-8.0	6.0	2.0	16.30101	1.391566e-08
8.0	6.0	-2.0	16.30101	1.376267e-08
-8.0	-6.0	-2.0	16.30101	1.402734e-08
-8.0	6.0	-2.0	16.30101	1.378109e-08
8.0	-6.0	2.0	16.30101	1.378109e-08
8.0	6.0	2.0	16.30101	1.402734e-08
-8.0	-6.0	2.0	16.30101	1.376267e-08
8.0	-6.0	-2.0	16.30101	1.391566e-08
8.0	0.0	6.0	16.31739	1.191155e-08
-8.0	0.0	-6.0	16.31739	1.191155e-08
8.0	0.0	-6.0	16.31739	1.197526e-08
-8.0	0.0	6.0	16.31739	1.197526e-08
6.0	0.0	10.0	16.31990	3.329112e-08
6.0	0.0	-10.0	16.31990	3.324258e-08
-6.0	0.0	-10.0	16.31990	3.329112e-08
-6.0	0.0	10.0	16.31990	3.324258e-08
7.0	-9.0	0.0	16.35863	1.014724e-07
-7.0	-9.0	0.0	16.35863	1.017828e-07
-7.0	9.0	0.0	16.35863	1.014724e-07
7.0	9.0	0.0	16.35863	1.017828e-07
7.0	-3.0	-8.0	16.39126	5.727663e-08
-7.0	-3.0	-8.0	16.39126	5.732062e-08
7.0	-3.0	8.0	16.39126	5.699778e-08
-7.0	3.0	8.0	16.39126	5.727663e-08
7.0	3.0	8.0	16.39126	5.732062e-08
-7.0	-3.0	8.0	16.39126	5.703361e-08
-7.0	3.0	-8.0	16.39126	5.699778e-08
7.0	3.0	-8.0	16.39126	5.703361e-08
7.0	9.0	-1.0	16.40325	1.007758e-09
-7.0	-9.0	1.0	16.40325	1.007758e-09
8.0	-4.0	5.0	16.45386	2.723418e-08
8.0	4.0	5.0	16.45386	2.452916e-08
-8.0	4.0	-5.0	16.45386	2.723418e-08
-8.0	4.0	5.0	16.45386	2.439638e-08
8.0	-4.0	-5.0	16.45386	2.439638e-08
-8.0	-4.0	-5.0	16.45386	2.452916e-08
8.0	4.0	-5.0	16.45386	2.725545e-08
-8.0	-4.0	5.0	16.45386	2.725545e-08
-8.0	-2.0	-6.0	16.47407	1.431097e-08
8.0	-2.0	6.0	16.47407	1.453596e-08
8.0	2.0	-6.0	16.47407	1.459252e-08
-8.0	2.0	6.0	16.47407	1.429930e-08
8.0	2.0	6.0	16.47407	1.431097e-08
-8.0	2.0	-6.0	16.47407	1.453596e-08
-8.0	-2.0	6.0	16.47407	1.459252e-08
8.0	-2.0	-6.0	16.47407	1.429930e-08
-6.0	-2.0	10.0	16.47656	3.384747e-09
-6.0	2.0	-10.0	16.47656	3.395518e-09
6.0	-2.0	-10.0	16.47656	3.409259e-09
6.0	2.0	10.0	16.47656	3.432410e-09
-6.0	2.0	10.0	16.47656	3.409259e-09
6.0	-2.0	10.0	16.47656	3.395518e-09
6.0	2.0	-10.0	16.47656	3.384747e-09
-6.0	-2.0	-10.0	16.47656	3.432410e-09
6.0	-10.0	-4.0	16.49246	2.897839e-09
6.0	10.0	4.0	16.49246	2.966808e-09
-6.0	10.0	4.0	16.49246	2.897839e-09
6.0	10.0	-4.0	16.49246	3.017058e-09
-6.0	-10.0	4.0	16.49246	3.017058e-09
-6.0	-10.0	-4.0	16.49246	2.966808e-09
6.0	-10.0	4.0	16.49246	2.904011e-09
-6.0	10.0	-4.0	16.49246	2.904011e-09
-8.0	-6.0	-3.0	16.52366	1.084462e-09
8.0	6.0	3.0	16.52366	1.084462e-09
-8.0	6.0	3.0	16.52366	1.042083e-09
8.0	-6.0	-3.0	16.52366	1.042083e-09
-9.0	-1.0	1.0	16.52664	2.576647e-09
-9.0	1.0	1.0	16.52664	1.836766e-09
9.0	1.0	1.0	16.52664	1.818899e-09
-9.0	-1.0	-1.0	16.52664	1.818899e-09
-9.0	1.0	-1.0	16.52664	2.544601e-09
9.0	1.0	-1.0	16.52664	2.576647e-09
9.0	-1.0	-1.0	16.52664	1.836766e-09
9.0	-1.0	1.0	16.52664	2.544601e-09
7.0	9.0	-2.0	16.53637	1.087487e-08
7.0	-9.0	2.0	16.53637	1.081764e-08
-7.0	-9.0	-2.0	16.53637	1.110637e-08
-7.0	9.0	-2.0	16.53637	1.081764e-08
-7.0	9.0	2.0	16.53637	1.094650e-08
-7.0	-9.0	2.0	16.53637	1.087487e-08
7.0	-9.0	-2.0	16.53637	1.094650e-08
7.0	9.0	2.0	16.53637	1.110637e-08
6.0	8.0	7.0	16.55286	2.593423e-09
6.0	-8.0	7.0	16.55286	1.879468e-09
6.0	8.0	-7.0	16.55286	1.792818e-09
6.0	-8.0	-7.0	16.55286	2.502568e-09
-6.0	8.0	7.0	16.55286	2.502568e-09
-6.0	-8.0	-7.0	16.55286	2.593423e-09
-6.0	-8.0	7.0	16.55286	1.792818e-09
-6.0	8.0	-7.0	16.55286	1.879468e-09
-4.0	-10.0	8.0	16.59521	1.155835e-08
-4.0	10.0	8.0	16.59521	1.111445e-08
-4.0	-10.0	-8.0	16.59521	1.144836e-08
-4.0	10.0	-8.0	16.59521	1.125706e-08
4.0	10.0	-8.0	16.59521	1.155835e-08
4.0	10.0	8.0	16.59521	1.144836e-08
4.0	-10.0	8.0	16.59521	1.125706e-08
4.0	-10.0	-8.0	16.59521	1.111445e-08
9.0	1.0	-2.0	16.65878	3.958764e-09
9.0	-1.0	2.0	16.65878	3.998281e-09
-9.0	1.0	-2.0	16.65878	3.998281e-09
-9.0	-1.0	2.0	16.65878	3.958764e-09
-9.0	-1.0	-2.0	16.65878	4.068202e-09
9.0	1.0	2.0	16.65878	4.068202e-09
-9.0	1.0	2.0	16.65878	4.074540e-09
9.0	-1.0	-2.0	16.65878	4.074540e-09
7.0	7.0	6.0	16.70699	3.916607e-09
-7.0	-7.0	-6.0	16.70699	3.916607e-09
-7.0	-7.0	6.0	16.70699	4.141897e-09
-7.0	7.0	6.0	16.70699	3.920196e-09
-7.0	7.0	-6.0	16.70699	4.095395e-09
7.0	-7.0	-6.0	16.70699	3.920196e-09
7.0	-7.0	6.0	16.70699	4.095395e-09
7.0	7.0	-6.0	16.70699	4.141897e-09
3.0	9.0	-10.0	16.74069	3.115798e-08
3.0	-9.0	-10.0	16.74069	3.275511e-08
3.0	9.0	10.0	16.74069	3.210310e-08
-3.0	9.0	10.0	16.74069	3.275511e-08
-3.0	-9.0	10.0	16.74069	3.115798e-08
3.0	-9.0	10.0	16.74069	3.195269e-08
-3.0	-9.0	-10.0	16.74069	3.210310e-08
-3.0	9.0	-10.0	16.74069	3.195269e-08
5.0	9.0	8.0	16.76422	5.072542e-08
-5.0	-9.0	-8.0	16.76422	5.072542e-08
-5.0	9.0	-8.0	16.76422	5.068102e-08
-5.0	-9.0	8.0	16.76422	5.015418e-08
5.0	9.0	-8.0	16.76422	5.015418e-08
5.0	-9.0	-8.0	16.76422	5.124584e-08
5.0	-9.0	8.0	16.76422	5.068102e-08
-5.0	9.0	8.0	16.76422	5.124584e-08
4.0	-8.0	10.0	16.78636	4.502939e-09
-4.0	-8.0	10.0	16.78636	4.734302e-09
4.0	8.0	10.0	16.78636	4.521178e-09
4.0	8.0	-10.0	16.78636	4.734302e-09
-4.0	8.0	-10.0	16.78636	4.502939e-09
4.0	-8.0	-10.0	16.78636	4.307643e-09
-4.0	8.0	10.0	16.78636	4.307643e-09
-4.0	-8.0	-10.0	16.78636	4.521178e-09
-9.0	3.0	0.0	16.79118	4.868563e-08
9.0	3.0	0.0	16.79118	4.863511e-08
9.0	-3.0	0.0	16.79118	4.868563e-08
-9.0	-3.0	0.0	16.79118	4.863511e-08
7.0	-1.0	-9.0	16.82993	8.231428e-09
7.0	1.0	-9.0	16.82993	6.796670e-09
7.0	1.0	9.0	16.82993	8.195226e-09
-7.0	-1.0	-9.0	16.82993	8.195226e-09
-7.0	1.0	9.0	16.82993	8.231428e-09
7.0	-1.0	9.0	16.82993	6.732437e-09
-7.0	1.0	-9.0	16.82993	6.732437e-09
-7.0	-1.0	9.0	16.82993	6.796670e-09
8.0	-6.0	-4.0	16.83043	3.360875e-09
-8.0	-6.0	-4.0	16.83043	3.407206e-09
8.0	-6.0	4.0	16.83043	3.273672e-09
8.0	6.0	-4.0	16.83043	3.242103e-09
-8.0	-6.0	4.0	16.83043	3.242103e-09
-8.0	6.0	-4.0	16.83043	3.273672e-09
-8.0	6.0	4.0	16.83043	3.360875e-09
8.0	6.0	4.0	16.83043	3.407206e-09
9.0	1.0	3.0	16.87671	3.075898e-08
-9.0	1.0	3.0	16.87671	3.070975e-08
9.0	1.0	-3.0	16.87671	3.314100e-08
-9.0	1.0	-3.0	16.87671	3.304820e-08
-9.0	-1.0	-3.0	16.87671	3.075898e-08
9.0	-1.0	-3.0	16.87671	3.070975e-08
9.0	-1.0	3.0	16.87671	3.304820e-08
-9.0	-1.0	3.0	16.87671	3.314100e-08
6.0	-10.0	5.0	16.88658	3.133424e-08
-6.0	10.0	5.0	16.88658	2.968534e-08
-6.0	-10.0	5.0	16.88658	3.157119e-08
6.0	10.0	5.0	16.88658	2.957543e-08
6.0	-10.0	-5.0	16.88658	2.968534e-08
-6.0	10.0	-5.0	16.88658	3.133424e-08
-6.0	-10.0	-5.0	16.88658	2.957543e-08
6.0	10.0	-5.0	16.88658	3.157119e-08
-8.0	4.0	-6.0	16.93541	1.182080e-08
-8.0	4.0	6.0	16.93541	1.181469e-08
8.0	4.0	-6.0	16.93541	1.178387e-08
8.0	-4.0	-6.0	16.93541	1.181469e-08
-8.0	-4.0	-6.0	16.93541	1.170956e-08
-8.0	-4.0	6.0	16.93541	1.178387e-08
8.0	-4.0	6.0	16.93541	1.182080e-08
8.0	4.0	6.0	16.93541	1.170956e-08
6.0	-4.0	-10.0	16.93783	4.465030e-09
-6.0	4.0	10.0	16.93783	4.465030e-09
-6.0	-4.0	-10.0	16.93783	4.446322e-09
6.0	4.0	-10.0	16.93783	4.422491e-09
-6.0	4.0	-10.0	16.93783	4.457464e-09
6.0	-4.0	10.0	16.93783	4.457464e-09
6.0	4.0	10.0	16.93783	4.446322e-09
-6.0	-4.0	10.0	16.93783	4.422491e-09
-9.0	3.0	2.0	16.96438	3.106486e-08
-9.0	3.0	-2.0	16.96438	3.109860e-08
9.0	-3.0	-2.0	16.96438	3.106486e-08
9.0	-3.0	2.0	16.96438	3.109860e-08
-9.0	-3.0	2.0	16.96438	3.094809e-08
-9.0	-3.0	-2.0	16.96438	3.109724e-08
9.0	3.0	-2.0	16.96438	3.094809e-08
9.0	3.0	2.0	16.96438	3.109724e-08
2.0	10.0	-10.0	16.96953	7.273865e-09
-2.0	10.0	-10.0	16.96953	7.008542e-09
2.0	-10.0	-10.0	16.96953	6.659769e-09
-2.0	-10.0	10.0	16.96953	7.273865e-09
2.0	10.0	10.0	16.96953	6.976301e-09
-2.0	10.0	10.0	16.96953	6.659769e-09
-2.0	-10.0	-10.0	16.96953	6.976301e-09
2.0	-10.0	10.0	16.96953	7.008542e-09
7.0	-5.0	-8.0	17.00660	1.285060e-08
7.0	-5.0	8.0	17.00660	1.278920e-08
-7.0	-5.0	8.0	17.00660	1.286218e-08
7.0	5.0	8.0	17.00660	1.291624e-08
-7.0	-5.0	-8.0	17.00660	1.291624e-08
-7.0	5.0	8.0	17.00660	1.285060e-08
7.0	5.0	-8.0	17.00660	1.286218e-08
-7.0	5.0	-8.0	17.00660	1.278920e-08
8.0	-2.0	-7.0	17.04103	1.539713e-09
-8.0	-2.0	-7.0	17.04103	1.555940e-09
8.0	2.0	7.0	17.04103	1.555940e-09
-8.0	2.0	7.0	17.04103	1.539713e-09
7.0	9.0	-4.0	17.05848	4.635360e-09
7.0	-9.0	4.0	17.05848	4.630255e-09
-7.0	9.0	-4.0	17.05848	4.630255e-09
7.0	-9.0	-4.0	17.05848	4.785700e-09
-7.0	9.0	4.0	17.05848	4.785700e-09
7.0	9.0	4.0	17.05848	4.878453e-09
-7.0	-9.0	4.0	17.05848	4.635360e-09
-7.0	-9.0	-4.0	17.05848	4.878453e-09
-5.0	-7.0	-10.0	17.10432	5.022240e-09
5.0	-7.0	10.0	17.10432	4.890208e-09
-5.0	7.0	10.0	17.10432	4.952408e-09
-5.0	-7.0	10.0	17.10432	4.985968e-09
5.0	7.0	-10.0	17.10432	4.985968e-09
5.0	7.0	10.0	17.10432	5.022240e-09
5.0	-7.0	-10.0	17.10432	4.952408e-09
-5.0	7.0	-10.0	17.10432	4.890208e-09
-9.0	-1.0	-4.0	17.17717	4.540755e-09
-9.0	1.0	4.0	17.17717	4.569130e-09
-9.0	-1.0	4.0	17.17717	4.577672e-09
9.0	-1.0	-4.0	17.17717	4.569130e-09
9.0	1.0	4.0	17.17717	4.540755e-09
-9.0	1.0	-4.0	17.17717	4.564119e-09
9.0	1.0	-4.0	17.17717	4.577672e-09
9.0	-1.0	4.0	17.17717	4.564119e-09
8.0	8.0	0.0	17.20001	7.622454e-09
-8.0	-8.0	0.0	17.20001	7.622454e-09
8.0	-8.0	0.0	17.20001	7.574696e-09
-8.0	8.0	0.0	17.20001	7.574696e-09
-6.0	-8.0	8.0	17.20240	1.654301e-08
6.0	8.0	8.0	17.20240	1.640475e-08
-6.0	8.0	8.0	17.20240	1.619963e-08
6.0	8.0	-8.0	17.20240	1.654301e-08
-6.0	-8.0	-8.0	17.20240	1.640475e-08
-6.0	8.0	-8.0	17.20240	1.633077e-08
6.0	-8.0	8.0	17.20240	1.633077e-08
6.0	-8.0	-8.0	17.20240	1.619963e-08
-8.0	8.0	-1.0	17.24245	7.518983e-09
8.0	-8.0	-1.0	17.24245	7.980141e-09
-8.0	-8.0	1.0	17.24245	7.542939e-09
-8.0	-8.0	-1.0	17.24245	7.946510e-09
-8.0	8.0	1.0	17.24245	7.980141e-09
8.0	-8.0	1.0	17.24245	7.518983e-09
8.0	8.0	1.0	17.24245	7.946510e-09
8.0	8.0	-1.0	17.24245	7.542939e-09
-7.0	-7.0	-7.0	17.26631	1.203060e-08
-7.0	7.0	7.0	17.26631	1.200177e-08
7.0	7.0	7.0	17.26631	1.203060e-08
7.0	-7.0	-7.0	17.26631	1.200177e-08
-7.0	7.0	-7.0	17.26631	1.325346e-08
7.0	-7.0	7.0	17.26631	1.325346e-08
7.0	7.0	-7.0	17.26631	1.329416e-08
-7.0	-7.0	7.0	17.26631	1.329416e-08
-4.0	10.0	9.0	17.32771	1.144793e-08
4.0	10.0	9.0	17.32771	1.177239e-08
-4.0	-10.0	9.0	17.32771	1.140880e-08
4.0	-10.0	9.0	17.32771	1.164761e-08
4.0	10.0	-9.0	17.32771	1.140880e-08
-4.0	10.0	-9.0	17.32771	1.164761e-08
4.0	-10.0	-9.0	17.32771	1.144793e-08
-4.0	-10.0	-9.0	17.32771	1.177239e-08
6.0	10.0	-6.0	17.35612	1.507237e-08
-6.0	-10.0	-6.0	17.35612	1.508540e-08
-6.0	-10.0	6.0	17.35612	1.507237e-08
6.0	-10.0	-6.0	17.35612	1.503349e-08
6.0	10.0	6.0	17.35612	1.508540e-08
6.0	-10.0	6.0	17.35612	1.497077e-08
-6.0	10.0	6.0	17.35612	1.503349e-08
-6.0	10.0	-6.0	17.35612	1.497077e-08
8.0	-8.0	-2.0	17.36915	1.677991e-09
-8.0	-8.0	2.0	17.36915	1.606626e-09
-8.0	-8.0	-2.0	17.36915	1.673909e-09
-8.0	8.0	2.0	17.36915	1.677991e-09
8.0	8.0	2.0	17.36915	1.673909e-09
8.0	-8.0	2.0	17.36915	1.608096e-09
-8.0	8.0	-2.0	17.36915	1.608096e-09
8.0	8.0	-2.0	17.36915	1.606626e-09
8.0	4.0	7.0	17.48743	1.054645e-09
8.0	-4.0	-7.0	17.48743	1.078205e-09
-8.0	4.0	7.0	17.48743	1.078205e-09
-8.0	-4.0	-7.0	17.48743	1.054645e-09
9.0	-1.0	-5.0	17.55592	2.674484e-09
-9.0	1.0	5.0	17.55592	2.674484e-09
9.0	-1.0	5.0	17.55592	3.268065e-09
9.0	1.0	-5.0	17.55592	3.256671e-09
-9.0	1.0	-5.0	17.55592	3.268065e-09
-9.0	-1.0	5.0	17.55592	3.256671e-09
-9.0	-1.0	-5.0	17.55592	2.703007e-09
9.0	1.0	5.0	17.55592	2.703007e-09
9.0	5.0	-2.0	17.55965	2.335860e-09
-9.0	5.0	-2.0	17.55965	2.305503e-09
9.0	-5.0	-2.0	17.55965	2.232872e-09
-9.0	-5.0	2.0	17.55965	2.335860e-09
9.0	5.0	2.0	17.55965	2.287259e-09
-9.0	5.0	2.0	17.55965	2.232872e-09
-9.0	-5.0	-2.0	17.55965	2.287259e-09
9.0	-5.0	2.0	17.55965	2.305503e-09
8.0	-8.0	3.0	17.57827	3.768757e-09
8.0	8.0	-3.0	17.57827	3.761413e-09
8.0	-8.0	-3.0	17.57827	4.067575e-09
-8.0	-8.0	3.0	17.57827	3.761413e-09
8.0	8.0	3.0	17.57827	4.061979e-09
-8.0	-8.0	-3.0	17.57827	4.061979e-09
-8.0	8.0	3.0	17.57827	4.067575e-09
-8.0	8.0	-3.0	17.57827	3.768757e-09
7.0	-1.0	-10.0	17.63572	1.922200e-09
7.0	-1.0	10.0	17.63572	1.908061e-09
-7.0	1.0	10.0	17.63572	1.922200e-09
7.0	1.0	10.0	17.63572	1.918766e-09
-7.0	-1.0	10.0	17.63572	1.875540e-09
-7.0	-1.0	-10.0	17.63572	1.918766e-09
7.0	1.0	-10.0	17.63572	1.875540e-09
-7.0	1.0	-10.0	17.63572	1.908061e-09
8.0	-2.0	8.0	17.67264	1.375969e-08
8.0	-2.0	-8.0	17.67264	1.374503e-08
8.0	2.0	8.0	17.67264	1.377796e-08
-8.0	2.0	8.0	17.67264	1.374503e-08
-8.0	-2.0	-8.0	17.67264	1.377796e-08
8.0	2.0	-8.0	17.67264	1.376825e-08
-8.0	-2.0	8.0	17.67264	1.376825e-08
-8.0	2.0	-8.0	17.67264	1.375969e-08
8.0	6.0	-6.0	17.67758	2.306522e-09
-8.0	6.0	-6.0	17.67758	2.280658e-09
8.0	-6.0	6.0	17.67758	2.280658e-09
8.0	-6.0	-6.0	17.67758	2.265431e-09
-8.0	-6.0	-6.0	17.67758	2.259690e-09
-8.0	6.0	6.0	17.67758	2.265431e-09
-8.0	-6.0	6.0	17.67758	2.306522e-09
8.0	6.0	6.0	17.67758	2.259690e-09
-6.0	6.0	10.0	17.67990	2.649346e-08
6.0	6.0	-10.0	17.67990	2.642697e-08
6.0	-6.0	10.0	17.67990	2.654717e-08
6.0	-6.0	-10.0	17.67990	2.649346e-08
-6.0	-6.0	10.0	17.67990	2.642697e-08
-6.0	-6.0	-10.0	17.67990	2.651271e-08
-6.0	6.0	-10.0	17.67990	2.654717e-08
6.0	6.0	10.0	17.67990	2.651271e-08
7.0	5.0	-9.0	17.72210	7.098811e-09
-7.0	5.0	9.0	17.72210	5.875714e-09
7.0	5.0	9.0	17.72210	5.854201e-09
-7.0	-5.0	-9.0	17.72210	5.854201e-09
-7.0	5.0	-9.0	17.72210	7.077950e-09
7.0	-5.0	-9.0	17.72210	5.875714e-09
7.0	-5.0	9.0	17.72210	7.077950e-09
-7.0	-5.0	9.0	17.72210	7.098811e-09
-9.0	5.0	3.0	17.76654	2.159619e-08
9.0	5.0	3.0	17.76654	2.149004e-08
9.0	-5.0	-3.0	17.76654	2.159619e-08
-9.0	-5.0	-3.0	17.76654	2.149004e-08
9.0	5.0	-3.0	17.76654	2.088279e-08
9.0	-5.0	3.0	17.76654	2.082389e-08
-9.0	5.0	-3.0	17.76654	2.082389e-08
-9.0	-5.0	3.0	17.76654	2.088279e-08
7.0	-7.0	8.0	17.88996	1.231301e-08
-7.0	7.0	8.0	17.88996	1.282492e-08
-7.0	-7.0	-8.0	17.88996	1.279916e-08
-7.0	7.0	-8.0	17.88996	1.231301e-08
7.0	7.0	8.0	17.88996	1.279916e-08
7.0	7.0	-8.0	17.88996	1.230310e-08
7.0	-7.0	-8.0	17.88996	1.282492e-08
-7.0	-7.0	8.0	17.88996	1.230310e-08
7.0	-9.0	6.0	17.89485	3.306658e-09
-7.0	9.0	-6.0	17.89485	3.306658e-09
7.0	9.0	-6.0	17.89485	3.317250e-09
7.0	9.0	6.0	17.89485	3.217716e-09
-7.0	9.0	6.0	17.89485	3.249889e-09
-7.0	-9.0	-6.0	17.89485	3.217716e-09
7.0	-9.0	-6.0	17.89485	3.249889e-09
-7.0	-9.0	6.0	17.89485	3.317250e-09
-6.0	-10.0	7.0	17.89517	1.639551e-09
-6.0	10.0	7.0	17.89517	1.784181e-09
6.0	-10.0	-7.0	17.89517	1.784181e-09
6.0	10.0	7.0	17.89517	1.813998e-09
-6.0	-10.0	-7.0	17.89517	1.813998e-09
-6.0	10.0	-7.0	17.89517	1.626475e-09
6.0	10.0	-7.0	17.89517	1.639551e-09
6.0	-10.0	7.0	17.89517	1.626475e-09
-6.0	8.0	-9.0	17.91009	9.656403e-09
6.0	-8.0	9.0	17.91009	9.656403e-09
-6.0	-8.0	-9.0	17.91009	8.637097e-09
6.0	-8.0	-9.0	17.91009	8.749972e-09
-6.0	8.0	9.0	17.91009	8.749972e-09
6.0	8.0	9.0	17.91009	8.637097e-09
6.0	8.0	-9.0	17.91009	9.775991e-09
-6.0	-8.0	9.0	17.91009	9.775991e-09
9.0	-1.0	6.0	18.00802	8.204767e-09
-9.0	-1.0	-6.0	18.00802	7.921439e-09
-9.0	-1.0	6.0	18.00802	8.167897e-09
9.0	-1.0	-6.0	18.00802	7.969714e-09
9.0	1.0	6.0	18.00802	7.921439e-09
-9.0	1.0	-6.0	18.00802	8.204767e-09
-9.0	1.0	6.0	18.00802	7.969714e-09
9.0	1.0	-6.0	18.00802	8.167897e-09
-9.0	-5.0	-4.0	18.05219	1.188702e-08
9.0	-5.0	4.0	18.05219	1.177436e-08
9.0	-5.0	-4.0	18.05219	1.194352e-08
-9.0	-5.0	4.0	18.05219	1.174804e-08
9.0	5.0	4.0	18.05219	1.188702e-08
-9.0	5.0	4.0	18.05219	1.194352e-08
9.0	5.0	-4.0	18.05219	1.174804e-08
-9.0	5.0	-4.0	18.05219	1.177436e-08
8.0	-4.0	8.0	18.10346	3.092442e-09
-8.0	-4.0	8.0	18.10346	3.049600e-09
-8.0	4.0	8.0	18.10346	2.967972e-09
8.0	4.0	8.0	18.10346	2.931727e-09
8.0	4.0	-8.0	18.10346	3.049600e-09
-8.0	4.0	-8.0	18.10346	3.092442e-09
-8.0	-4.0	-8.0	18.10346	2.931727e-09
8.0	-4.0	-8.0	18.10346	2.967972e-09
4.0	-10.0	10.0	18.11137	1.048125e-09
-4.0	-10.0	10.0	18.11137	1.110697e-09
4.0	10.0	10.0	18.11137	1.009983e-09
4.0	10.0	-10.0	18.11137	1.110697e-09
-4.0	10.0	-10.0	18.11137	1.048125e-09
-4.0	-10.0	-10.0	18.11137	1.009983e-09
-8.0	-8.0	5.0	18.23137	2.675368e-08
8.0	-8.0	5.0	18.23137	2.677876e-08
8.0	8.0	5.0	18.23137	2.747280e-08
-8.0	8.0	5.0	18.23137	2.748274e-08
-8.0	-8.0	-5.0	18.23137	2.747280e-08
-8.0	8.0	-5.0	18.23137	2.677876e-08
8.0	8.0	-5.0	18.23137	2.675368e-08
8.0	-8.0	-5.0	18.23137	2.748274e-08
-10.0	0.0	0.0	18.27038	1.183857e-08
10.0	0.0	0.0	18.27038	1.183857e-08
8.0	2.0	-9.0	18.36221	4.555729e-09
-8.0	-2.0	9.0	18.36221	4.555729e-09
-8.0	2.0	9.0	18.36221	3.881039e-09
8.0	2.0	9.0	18.36221	3.864631e-09
-8.0	2.0	-9.0	18.36221	4.570870e-09
8.0	-2.0	-9.0	18.36221	3.881039e-09
-8.0	-2.0	-9.0	18.36221	3.864631e-09
8.0	-2.0	9.0	18.36221	4.570870e-09
10.0	-2.0	0.0	18.41045	1.802133e-09
-10.0	-2.0	0.0	18.41045	1.833897e-09
10.0	2.0	0.0	18.41045	1.833897e-09
-10.0	2.0	0.0	18.41045	1.802133e-09
10.0	0.0	2.0	18.42970	1.199079e-08
-10.0	0.0	-2.0	18.42970	1.199079e-08
10.0	0.0	-2.0	18.42970	1.196368e-08
-10.0	0.0	2.0	18.42970	1.196368e-08
10.0	2.0	-1.0	18.45011	1.264699e-08
-10.0	2.0	1.0	18.45011	1.240724e-08
10.0	2.0	1.0	18.45011	1.233605e-08
10.0	-2.0	-1.0	18.45011	1.240724e-08
-10.0	-2.0	-1.0	18.45011	1.233605e-08
-10.0	2.0	-1.0	18.45011	1.258061e-08
10.0	-2.0	1.0	18.45011	1.258061e-08
-10.0	-2.0	1.0	18.45011	1.264699e-08
-7.0	-5.0	-10.0	18.48905	7.496831e-09
-7.0	-5.0	10.0	18.48905	7.208114e-09
7.0	-5.0	10.0	18.48905	7.214867e-09
7.0	5.0	10.0	18.48905	7.496831e-09
-7.0	5.0	10.0	18.48905	7.489135e-09
7.0	-5.0	-10.0	18.48905	7.489135e-09
-7.0	5.0	-10.0	18.48905	7.214867e-09
7.0	5.0	-10.0	18.48905	7.208114e-09
6.0	10.0	-8.0	18.49763	2.226262e-09
-6.0	10.0	8.0	18.49763	2.083685e-09
-6.0	-10.0	8.0	18.49763	2.226262e-09
6.0	10.0	8.0	18.49763	2.106656e-09
6.0	-10.0	8.0	18.49763	2.214118e-09
-6.0	10.0	-8.0	18.49763	2.214118e-09
6.0	-10.0	-8.0	18.49763	2.083685e-09
-6.0	-10.0	-8.0	18.49763	2.106656e-09
9.0	-1.0	-7.0	18.52811	6.194733e-09
-9.0	1.0	7.0	18.52811	6.194733e-09
9.0	1.0	7.0	18.52811	6.242245e-09
9.0	-1.0	7.0	18.52811	6.602817e-09
-9.0	-1.0	7.0	18.52811	6.578109e-09
9.0	1.0	-7.0	18.52811	6.578109e-09
-9.0	-1.0	-7.0	18.52811	6.242245e-09
-9.0	1.0	-7.0	18.52811	6.602817e-09
-10.0	-2.0	2.0	18.56856	7.045946e-09
-10.0	-2.0	-2.0	18.56856	7.103645e-09
-10.0	2.0	2.0	18.56856	7.153964e-09
10.0	-2.0	-2.0	18.56856	7.153964e-09
10.0	2.0	-2.0	18.56856	7.045946e-09
-10.0	2.0	-2.0	18.56856	7.085169e-09
10.0	2.0	2.0	18.56856	7.103645e-09
10.0	-2.0	2.0	18.56856	7.085169e-09
7.0	-7.0	9.0	18.57147	1.088693e-08
7.0	7.0	9.0	18.57147	1.180091e-08
-7.0	7.0	-9.0	18.57147	1.088693e-08
7.0	7.0	-9.0	18.57147	1.092513e-08
-7.0	-7.0	-9.0	18.57147	1.180091e-08
-7.0	-7.0	9.0	18.57147	1.092513e-08
7.0	-7.0	-9.0	18.57147	1.180450e-08
-7.0	7.0	9.0	18.57147	1.180450e-08
-9.0	-7.0	-3.0	18.61387	4.020067e-09
9.0	-7.0	-3.0	18.61387	3.986665e-09
-9.0	7.0	3.0	18.61387	3.986665e-09
9.0	7.0	3.0	18.61387	4.020067e-09
-9.0	-7.0	3.0	18.61387	3.915484e-09
-9.0	7.0	-3.0	18.61387	3.914478e-09
9.0	-7.0	3.0	18.61387	3.914478e-09
9.0	7.0	-3.0	18.61387	3.915484e-09
8.0	-8.0	6.0	18.66712	1.812951e-08
-8.0	8.0	6.0	18.66712	1.798670e-08
-8.0	-8.0	-6.0	18.66712	1.798770e-08
8.0	8.0	6.0	18.66712	1.798770e-08
8.0	-8.0	-6.0	18.66712	1.798670e-08
-8.0	-8.0	6.0	18.66712	1.814567e-08
-8.0	8.0	-6.0	18.66712	1.812951e-08
8.0	8.0	-6.0	18.66712	1.814567e-08
6.0	-8.0	-10.0	18.66931	5.595070e-09
-6.0	-8.0	-10.0	18.66931	5.650610e-09
-6.0	8.0	-10.0	18.66931	5.325124e-09
6.0	8.0	-10.0	18.66931	5.385630e-09
6.0	-8.0	10.0	18.66931	5.325124e-09
6.0	8.0	10.0	18.66931	5.650610e-09
-6.0	8.0	10.0	18.66931	5.595070e-09
-6.0	-8.0	10.0	18.66931	5.385630e-09
-10.0	2.0	3.0	18.76432	3.282831e-09
10.0	-2.0	-3.0	18.76432	3.282831e-09
-10.0	-2.0	-3.0	18.76432	3.315319e-09
-10.0	2.0	-3.0	18.76432	3.121876e-09
10.0	2.0	3.0	18.76432	3.315319e-09
-10.0	-2.0	3.0	18.76432	3.104665e-09
10.0	-2.0	3.0	18.76432	3.121876e-09
10.0	2.0	-3.0	18.76432	3.104665e-09
8.0	4.0	-9.0	18.77722	5.460956e-09
-8.0	4.0	-9.0	18.77722	5.507575e-09
8.0	-4.0	9.0	18.77722	5.507575e-09
8.0	-4.0	-9.0	18.77722	4.737563e-09
-8.0	-4.0	-9.0	18.77722	4.788778e-09
8.0	4.0	9.0	18.77722	4.788778e-09
-8.0	-4.0	9.0	18.77722	5.460956e-09
-8.0	4.0	9.0	18.77722	4.737563e-09
-8.0	6.0	-8.0	18.79958	3.620790e-09
-8.0	-6.0	8.0	18.79958	3.646707e-09
-8.0	-6.0	-8.0	18.79958	3.467429e-09
8.0	-6.0	8.0	18.79958	3.620790e-09
8.0	6.0	8.0	18.79958	3.467429e-09
8.0	-6.0	-8.0	18.79958	3.445513e-09
8.0	6.0	-8.0	18.79958	3.646707e-09
-8.0	6.0	8.0	18.79958	3.445513e-09
9.0	-3.0	-7.0	18.80336	1.071321e-09
-9.0	-3.0	-7.0	18.80336	1.083317e-09
9.0	3.0	7.0	18.80336	1.083317e-09
-9.0	3.0	7.0	18.80336	1.071321e-09
-9.0	-3.0	7.0	18.80336	1.096201e-09
-9.0	3.0	-7.0	18.80336	1.118689e-09
9.0	-3.0	7.0	18.80336	1.118689e-09
9.0	3.0	-7.0	18.80336	1.096201e-09
-10.0	4.0	0.0	18.82440	1.500050e-09
10.0	-4.0	0.0	18.82440	1.500050e-09
10.0	4.0	0.0	18.82440	1.488406e-09
-10.0	-4.0	0.0	18.82440	1.488406e-09
-8.0	-10.0	3.0	18.84769	5.116576e-09
8.0	-10.0	3.0	18.84769	5.113007e-09
-8.0	10.0	3.0	18.84769	5.181206e-09
8.0	10.0	-3.0	18.84769	5.116576e-09
-8.0	10.0	-3.0	18.84769	5.113007e-09
8.0	-10.0	-3.0	18.84769	5.181206e-09
8.0	10.0	3.0	18.84769	5.214170e-09
-8.0	-10.0	-3.0	18.84769	5.214170e-09
9.0	-7.0	-4.0	18.88672	6.013334e-09
-9.0	-7.0	4.0	18.88672	6.104900e-09
-9.0	7.0	-4.0	18.88672	6.115053e-09
9.0	-7.0	4.0	18.88672	6.115053e-09
-9.0	7.0	4.0	18.88672	6.013334e-09
9.0	7.0	4.0	18.88672	5.968911e-09
-9.0	-7.0	-4.0	18.88672	5.968911e-09
9.0	7.0	-4.0	18.88672	6.104900e-09
-8.0	0.0	-10.0	18.96853	1.268768e-08
8.0	0.0	10.0	18.96853	1.268768e-08
8.0	0.0	-10.0	18.96853	1.269703e-08
-8.0	0.0	10.0	18.96853	1.269703e-08
7.0	9.0	-8.0	19.00402	2.758277e-09
7.0	-9.0	8.0	19.00402	2.752966e-09
-7.0	9.0	8.0	19.00402	2.647205e-09
-7.0	-9.0	8.0	19.00402	2.758277e-09
7.0	9.0	8.0	19.00402	2.645440e-09
-7.0	9.0	-8.0	19.00402	2.752966e-09
-7.0	-9.0	-8.0	19.00402	2.645440e-09
7.0	-9.0	-8.0	19.00402	2.647205e-09
-8.0	2.0	-10.0	19.10348	2.454571e-09
-8.0	-2.0	-10.0	19.10348	2.577528e-09
8.0	-2.0	10.0	19.10348	2.454571e-09
8.0	-2.0	-10.0	19.10348	2.582040e-09
-8.0	-2.0	10.0	19.10348	2.438847e-09
8.0	2.0	10.0	19.10348	2.577528e-09
-8.0	2.0	10.0	19.10348	2.582040e-09
8.0	2.0	-10.0	19.10348	2.438847e-09
-9.0	-1.0	8.0	19.11063	2.477462e-09
-9.0	1.0	8.0	19.11063	2.615748e-09
-9.0	1.0	-8.0	19.11063	2.493697e-09
9.0	1.0	8.0	19.11063	2.599170e-09
9.0	-1.0	-8.0	19.11063	2.615748e-09
-9.0	-1.0	-8.0	19.11063	2.599170e-09
9.0	1.0	-8.0	19.11063	2.477462e-09
9.0	-1.0	8.0	19.11063	2.493697e-09
-8.0	10.0	4.0	19.11720	6.268166e-09
-8.0	10.0	-4.0	19.11720	6.300752e-09
8.0	-10.0	4.0	19.11720	6.300752e-09
-8.0	-10.0	4.0	19.11720	6.293977e-09
8.0	10.0	-4.0	19.11720	6.293977e-09
8.0	10.0	4.0	19.11720	6.228634e-09
-8.0	-10.0	-4.0	19.11720	6.228634e-09
8.0	-10.0	-4.0	19.11720	6.268166e-09
-6.0	10.0	-9.0	19.15753	4.948344e-09
6.0	-10.0	-9.0	19.15753	4.519051e-09
6.0	10.0	-9.0	19.15753	4.966179e-09
6.0	10.0	9.0	19.15753	4.509113e-09
-6.0	-10.0	-9.0	19.15753	4.509113e-09
6.0	-10.0	9.0	19.15753	4.948344e-09
-6.0	-10.0	9.0	19.15753	4.966179e-09
-6.0	10.0	9.0	19.15753	4.519051e-09
-8.0	8.0	7.0	19.16933	6.780273e-09
8.0	8.0	7.0	19.16933	6.786647e-09
-8.0	8.0	-7.0	19.16933	6.712305e-09
8.0	-8.0	-7.0	19.16933	6.780273e-09
8.0	-8.0	7.0	19.16933	6.712305e-09
-8.0	-8.0	7.0	19.16933	6.721471e-09
8.0	8.0	-7.0	19.16933	6.721471e-09
-8.0	-8.0	-7.0	19.16933	6.786647e-09
-10.0	4.0	3.0	19.17063	1.939156e-09
-10.0	-4.0	3.0	19.17063	1.750549e-09
10.0	-4.0	3.0	19.17063	1.765386e-09
-10.0	-4.0	-3.0	19.17063	1.964591e-09
10.0	4.0	3.0	19.17063	1.964591e-09
-10.0	4.0	-3.0	19.17063	1.765386e-09
10.0	4.0	-3.0	19.17063	1.750549e-09
10.0	-4.0	-3.0	19.17063	1.939156e-09
7.0	-7.0	-10.0	19.30470	5.788900e-09
7.0	7.0	-10.0	19.30470	5.902165e-09
7.0	7.0	10.0	19.30470	5.784787e-09
-7.0	-7.0	-10.0	19.30470	5.784787e-09
-7.0	-7.0	10.0	19.30470	5.902165e-09
7.0	-7.0	10.0	19.30470	5.930722e-09
-7.0	7.0	-10.0	19.30470	5.930722e-09
-7.0	7.0	10.0	19.30470	5.788900e-09
10.0	2.0	5.0	19.37748	1.131296e-08
-10.0	2.0	-5.0	19.37748	1.150937e-08
-10.0	2.0	5.0	19.37748	1.134837e-08
10.0	-2.0	5.0	19.37748	1.150937e-08
10.0	-2.0	-5.0	19.37748	1.134837e-08
-10.0	-2.0	5.0	19.37748	1.154524e-08
10.0	2.0	-5.0	19.37748	1.154524e-08
-10.0	-2.0	-5.0	19.37748	1.131296e-08
9.0	9.0	-1.0	19.38775	1.964843e-09
-9.0	-9.0	-1.0	19.38775	2.101563e-09
9.0	-9.0	1.0	19.38775	1.967495e-09
-9.0	-9.0	1.0	19.38775	1.964843e-09
-9.0	9.0	-1.0	19.38775	1.967495e-09
-9.0	9.0	1.0	19.38775	2.085226e-09
9.0	-9.0	-1.0	19.38775	2.085226e-09
9.0	9.0	1.0	19.38775	2.101563e-09
10.0	4.0	-4.0	19.43566	3.878853e-09
10.0	-4.0	4.0	19.43566	3.901890e-09
10.0	-4.0	-4.0	19.43566	3.865920e-09
-10.0	-4.0	-4.0	19.43566	3.831151e-09
10.0	4.0	4.0	19.43566	3.831151e-09
-10.0	4.0	4.0	19.43566	3.865920e-09
-10.0	4.0	-4.0	19.43566	3.901890e-09
-10.0	-4.0	4.0	19.43566	3.878853e-09
-10.0	6.0	0.0	19.49479	2.314905e-08
10.0	6.0	0.0	19.49479	2.308515e-08
10.0	-6.0	0.0	19.49479	2.314905e-08
-10.0	-6.0	0.0	19.49479	2.308515e-08
9.0	-9.0	-2.0	19.50051	9.464311e-09
-9.0	9.0	2.0	19.50051	9.464311e-09
9.0	9.0	2.0	19.50051	9.447270e-09
-9.0	-9.0	-2.0	19.50051	9.447270e-09
-9.0	-9.0	2.0	19.50051	9.398019e-09
-9.0	9.0	-2.0	19.50051	9.429091e-09
9.0	9.0	-2.0	19.50051	9.398019e-09
9.0	-9.0	2.0	19.50051	9.429091e-09
-8.0	-4.0	-10.0	19.50272	1.261342e-08
8.0	-4.0	-10.0	19.50272	1.268137e-08
8.0	4.0	-10.0	19.50272	1.193214e-08
-8.0	4.0	10.0	19.50272	1.268137e-08
8.0	4.0	10.0	19.50272	1.261342e-08
8.0	-4.0	10.0	19.50272	1.201214e-08
-8.0	4.0	-10.0	19.50272	1.201214e-08
-8.0	-4.0	10.0	19.50272	1.193214e-08
-10.0	-6.0	2.0	19.64417	4.490333e-09
-10.0	6.0	2.0	19.64417	4.469790e-09
10.0	-6.0	2.0	19.64417	4.460074e-09
-10.0	-6.0	-2.0	19.64417	4.492941e-09
10.0	-6.0	-2.0	19.64417	4.469790e-09
10.0	6.0	-2.0	19.64417	4.490333e-09
-10.0	6.0	-2.0	19.64417	4.460074e-09
10.0	6.0	2.0	19.64417	4.492941e-09
-10.0	0.0	-6.0	19.65776	4.625060e-09
10.0	0.0	6.0	19.65776	4.625060e-09
10.0	0.0	-6.0	19.65776	4.617380e-09
-10.0	0.0	6.0	19.65776	4.617380e-09
-9.0	-9.0	-3.0	19.68701	1.881180e-09
-9.0	-9.0	3.0	19.68701	2.130867e-09
9.0	9.0	-3.0	19.68701	2.130867e-09
-9.0	9.0	-3.0	19.68701	2.106160e-09
9.0	-9.0	-3.0	19.68701	1.884116e-09
9.0	9.0	3.0	19.68701	1.881180e-09
-9.0	9.0	3.0	19.68701	1.884116e-09
9.0	-9.0	3.0	19.68701	2.106160e-09
-9.0	-1.0	-9.0	19.75006	3.301719e-09
-9.0	-1.0	9.0	19.75006	3.122068e-09
9.0	1.0	9.0	19.75006	3.301719e-09
-9.0	1.0	9.0	19.75006	3.307398e-09
-9.0	1.0	-9.0	19.75006	3.096501e-09
9.0	1.0	-9.0	19.75006	3.122068e-09
9.0	-1.0	-9.0	19.75006	3.307398e-09
9.0	-1.0	9.0	19.75006	3.096501e-09
-10.0	2.0	6.0	19.78801	7.413236e-09
10.0	-2.0	6.0	19.78801	7.559647e-09
10.0	2.0	6.0	19.78801	7.385053e-09
-10.0	2.0	-6.0	19.78801	7.559647e-09
10.0	2.0	-6.0	19.78801	7.529085e-09
10.0	-2.0	-6.0	19.78801	7.413236e-09
-10.0	-2.0	6.0	19.78801	7.529085e-09
-10.0	-2.0	-6.0	19.78801	7.385053e-09
6.0	-10.0	-10.0	19.86915	1.141625e-08
-6.0	-10.0	-10.0	19.86915	1.145199e-08
-6.0	-10.0	10.0	19.86915	1.079526e-08
6.0	-10.0	10.0	19.86915	1.079911e-08
6.0	10.0	-10.0	19.86915	1.079526e-08
-6.0	10.0	-10.0	19.86915	1.079911e-08
6.0	10.0	10.0	19.86915	1.145199e-08
-6.0	10.0	10.0	19.86915	1.141625e-08
9.0	5.0	8.0	19.90082	9.030916e-09
9.0	-5.0	-8.0	19.90082	9.070073e-09
-9.0	5.0	8.0	19.90082	9.070073e-09
-9.0	-5.0	8.0	19.90082	8.971270e-09
9.0	-5.0	8.0	19.90082	9.010847e-09
9.0	5.0	-8.0	19.90082	8.971270e-09
-9.0	-5.0	-8.0	19.90082	9.030916e-09
-9.0	5.0	-8.0	19.90082	9.010847e-09
9.0	-3.0	9.0	20.00850	1.222445e-09
9.0	-3.0	-9.0	20.00850	1.271192e-09
-9.0	3.0	9.0	20.00850	1.271192e-09
9.0	3.0	9.0	20.00850	1.261502e-09
-9.0	-3.0	9.0	20.00850	1.245002e-09
9.0	3.0	-9.0	20.00850	1.245002e-09
-9.0	-3.0	-9.0	20.00850	1.261502e-09
-9.0	3.0	-9.0	20.00850	1.222445e-09
10.0	-6.0	-4.0	20.08566	1.562069e-08
-10.0	6.0	4.0	20.08566	1.562069e-08
10.0	-6.0	4.0	20.08566	1.567371e-08
10.0	6.0	4.0	20.08566	1.555385e-08
-10.0	6.0	-4.0	20.08566	1.567371e-08
10.0	6.0	-4.0	20.08566	1.562250e-08
-10.0	-6.0	-4.0	20.08566	1.555385e-08
-10.0	-6.0	4.0	20.08566	1.562250e-08
-8.0	-6.0	-10.0	20.15056	4.424135e-09
8.0	-6.0	10.0	20.15056	4.415277e-09
-8.0	-6.0	10.0	20.15056	4.387204e-09
-8.0	6.0	10.0	20.15056	4.462234e-09
8.0	6.0	-10.0	20.15056	4.387204e-09
8.0	6.0	10.0	20.15056	4.424135e-09
-8.0	6.0	-10.0	20.15056	4.415277e-09
8.0	-6.0	-10.0	20.15056	4.462234e-09
-10.0	-2.0	7.0	20.26246	6.953492e-09
10.0	2.0	-7.0	20.26246	6.953492e-09
-10.0	2.0	-7.0	20.26246	6.982120e-09
10.0	-2.0	7.0	20.26246	6.982120e-09
10.0	-2.0	-7.0	20.26246	7.440184e-09
-10.0	-2.0	-7.0	20.26246	7.462050e-09
10.0	2.0	7.0	20.26246	7.462050e-09
-10.0	2.0	7.0	20.26246	7.440184e-09
9.0	9.0	-5.0	20.27228	1.818566e-09
-9.0	-9.0	-5.0	20.27228	2.035239e-09
-9.0	9.0	5.0	20.27228	2.017106e-09
-9.0	9.0	-5.0	20.27228	1.827918e-09
9.0	-9.0	5.0	20.27228	1.827918e-09
-9.0	-9.0	5.0	20.27228	1.818566e-09
9.0	-9.0	-5.0	20.27228	2.017106e-09
9.0	9.0	5.0	20.27228	2.035239e-09
7.0	-9.0	-10.0	20.34143	3.848404e-09
-7.0	9.0	-10.0	20.34143	3.847773e-09
7.0	9.0	-10.0	20.34143	3.834459e-09
7.0	9.0	10.0	20.34143	3.834995e-09
-7.0	-9.0	-10.0	20.34143	3.834995e-09
-7.0	9.0	10.0	20.34143	3.848404e-09
7.0	-9.0	10.0	20.34143	3.847773e-09
-7.0	-9.0	10.0	20.34143	3.834459e-09
8.0	8.0	-9.0	20.35282	6.625281e-09
-8.0	8.0	-9.0	20.35282	6.606393e-09
8.0	-8.0	9.0	20.35282	6.606393e-09
-8.0	-8.0	9.0	20.35282	6.625281e-09
8.0	8.0	9.0	20.35282	6.684017e-09
8.0	-8.0	-9.0	20.35282	6.708797e-09
-8.0	-8.0	-9.0	20.35282	6.684017e-09
-8.0	8.0	9.0	20.35282	6.708797e-09
-10.0	-8.0	0.0	20.39635	1.112668e-09
10.0	-8.0	0.0	20.39635	1.123045e-09
-10.0	8.0	0.0	20.39635	1.123045e-09
10.0	8.0	0.0	20.39635	1.112668e-09
10.0	-8.0	-1.0	20.43215	2.005996e-09
-10.0	-8.0	-1.0	20.43215	2.017444e-09
10.0	-8.0	1.0	20.43215	1.698619e-09
-10.0	-8.0	1.0	20.43215	1.687434e-09
10.0	8.0	1.0	20.43215	2.017444e-09
-10.0	8.0	1.0	20.43215	2.005996e-09
-10.0	8.0	-1.0	20.43215	1.698619e-09
10.0	8.0	-1.0	20.43215	1.687434e-09
9.0	-1.0	10.0	20.44106	2.363437e-09
9.0	-1.0	-10.0	20.44106	2.266680e-09
-9.0	-1.0	10.0	20.44106	2.343255e-09
9.0	1.0	10.0	20.44106	2.265529e-09
-9.0	-1.0	-10.0	20.44106	2.265529e-09
9.0	1.0	-10.0	20.44106	2.343255e-09
-9.0	1.0	-10.0	20.44106	2.363437e-09
-9.0	1.0	10.0	20.44106	2.266680e-09
10.0	-8.0	-2.0	20.53918	1.029051e-09
10.0	8.0	2.0	20.53918	1.023155e-09
-10.0	8.0	2.0	20.53918	1.029051e-09
-10.0	-8.0	-2.0	20.53918	1.023155e-09
-9.0	-7.0	8.0	20.66081	3.169464e-09
9.0	-7.0	8.0	20.66081	3.185537e-09
-9.0	7.0	-8.0	20.66081	3.185537e-09
9.0	7.0	-8.0	20.66081	3.169464e-09
-9.0	-7.0	-8.0	20.66081	3.211417e-09
9.0	-7.0	-8.0	20.66081	3.229170e-09
-9.0	7.0	8.0	20.66081	3.229170e-09
9.0	7.0	8.0	20.66081	3.211417e-09
-9.0	-9.0	-6.0	20.66504	3.625479e-09
-9.0	9.0	-6.0	20.66504	3.576157e-09
-9.0	-9.0	6.0	20.66504	3.562632e-09
9.0	-9.0	6.0	20.66504	3.576157e-09
9.0	9.0	6.0	20.66504	3.625479e-09
-9.0	9.0	6.0	20.66504	3.644916e-09
9.0	9.0	-6.0	20.66504	3.562632e-09
9.0	-9.0	-6.0	20.66504	3.644916e-09
-9.0	3.0	10.0	20.69087	4.258974e-09
9.0	3.0	10.0	20.69087	4.226559e-09
9.0	-3.0	-10.0	20.69087	4.258974e-09
-9.0	-3.0	10.0	20.69087	4.290460e-09
9.0	-3.0	10.0	20.69087	4.333308e-09
-9.0	3.0	-10.0	20.69087	4.333308e-09
-9.0	-3.0	-10.0	20.69087	4.226559e-09
9.0	3.0	-10.0	20.69087	4.290460e-09
-10.0	-6.0	6.0	20.80066	1.516626e-09
10.0	6.0	-6.0	20.80066	1.516626e-09
-10.0	6.0	-6.0	20.80066	1.502957e-09
-10.0	-6.0	-6.0	20.80066	1.515649e-09
10.0	-6.0	6.0	20.80066	1.502957e-09
10.0	-6.0	-6.0	20.80066	1.498570e-09
10.0	6.0	6.0	20.80066	1.515649e-09
-10.0	6.0	6.0	20.80066	1.498570e-09
-8.0	10.0	8.0	20.87171	2.962224e-09
-8.0	-10.0	8.0	20.87171	2.869572e-09
-8.0	10.0	-8.0	20.87171	2.881572e-09
8.0	-10.0	8.0	20.87171	2.881572e-09
8.0	-10.0	-8.0	20.87171	2.962224e-09
8.0	10.0	8.0	20.87171	2.953343e-09
-8.0	-10.0	-8.0	20.87171	2.953343e-09
8.0	10.0	-8.0	20.87171	2.869572e-09
-8.0	8.0	-10.0	21.02401	3.021990e-09
8.0	-8.0	10.0	21.02401	3.021990e-09
-8.0	8.0	10.0	21.02401	2.863823e-09
8.0	-8.0	-10.0	21.02401	2.863823e-09
-8.0	-8.0	-10.0	21.02401	2.843191e-09
8.0	8.0	10.0	21.02401	2.843191e-09
-8.0	-8.0	10.0	21.02401	3.012632e-09
8.0	8.0	-10.0	21.02401	3.012632e-09
9.0	9.0	7.0	21.11980	1.207368e-09
-9.0	-9.0	7.0	21.11980	1.434555e-09
-9.0	-9.0	-7.0	21.11980	1.207368e-09
9.0	-9.0	-7.0	21.11980	1.213184e-09
-9.0	9.0	-7.0	21.11980	1.422762e-09
9.0	9.0	-7.0	21.11980	1.434555e-09
9.0	-9.0	7.0	21.11980	1.422762e-09
-9.0	9.0	7.0	21.11980	1.213184e-09
10.0	8.0	5.0	21.27330	3.541895e-09
-10.0	8.0	5.0	21.27330	3.534141e-09
10.0	-8.0	5.0	21.27330	3.148280e-09
-10.0	-8.0	-5.0	21.27330	3.541895e-09
10.0	-8.0	-5.0	21.27330	3.534141e-09
10.0	8.0	-5.0	21.27330	3.129857e-09
-10.0	-8.0	5.0	21.27330	3.129857e-09
-10.0	8.0	-5.0	21.27330	3.148280e-09
10.0	2.0	9.0	21.38554	4.507264e-09
-10.0	2.0	9.0	21.38554	4.535882e-09
-10.0	-2.0	9.0	21.38554	4.735360e-09
10.0	-2.0	9.0	21.38554	4.704968e-09
-10.0	2.0	-9.0	21.38554	4.704968e-09
10.0	-2.0	-9.0	21.38554	4.535882e-09
-10.0	-2.0	-9.0	21.38554	4.507264e-09
10.0	2.0	-9.0	21.38554	4.735360e-09
10.0	10.0	-1.0	21.53398	1.189512e-09
10.0	10.0	1.0	21.53398	1.445761e-09
-10.0	10.0	1.0	21.53398	1.436889e-09
10.0	-10.0	-1.0	21.53398	1.436889e-09
-10.0	10.0	-1.0	21.53398	1.201469e-09
10.0	-10.0	1.0	21.53398	1.201469e-09
-10.0	-10.0	1.0	21.53398	1.189512e-09
-10.0	-10.0	-1.0	21.53398	1.445761e-09
-9.0	-9.0	8.0	21.63264	1.369858e-09
-9.0	9.0	8.0	21.63264	1.345848e-09
9.0	9.0	-8.0	21.63264	1.369858e-09
9.0	-9.0	8.0	21.63264	1.378347e-09
9.0	-9.0	-8.0	21.63264	1.345848e-09
-9.0	-9.0	-8.0	21.63264	1.337886e-09
9.0	9.0	8.0	21.63264	1.337886e-09
-9.0	9.0	-8.0	21.63264	1.378347e-09
-10.0	-10.0	2.0	21.63556	3.365743e-09
-10.0	10.0	2.0	21.63556	3.406936e-09
10.0	-10.0	2.0	21.63556	3.382223e-09
-10.0	-10.0	-2.0	21.63556	3.393183e-09
10.0	-10.0	-2.0	21.63556	3.406936e-09
10.0	10.0	2.0	21.63556	3.393183e-09
-10.0	10.0	-2.0	21.63556	3.382223e-09
10.0	10.0	-2.0	21.63556	3.365743e-09
10.0	6.0	8.0	21.76223	1.023517e-08
10.0	-6.0	8.0	21.76223	1.029975e-08
-10.0	-6.0	8.0	21.76223	1.026913e-08
-10.0	6.0	8.0	21.76223	1.028115e-08
-10.0	6.0	-8.0	21.76223	1.029975e-08
10.0	-6.0	-8.0	21.76223	1.028115e-08
10.0	6.0	-8.0	21.76223	1.026913e-08
-10.0	-6.0	-8.0	21.76223	1.023517e-08
-10.0	10.0	3.0	21.80381	4.833694e-09
10.0	-10.0	3.0	21.80381	5.302954e-09
-10.0	10.0	-3.0	21.80381	5.302954e-09
10.0	10.0	-3.0	21.80381	5.315213e-09
-10.0	-10.0	-3.0	21.80381	4.820708e-09
10.0	-10.0	-3.0	21.80381	4.833694e-09
10.0	10.0	3.0	21.80381	4.820708e-09
-10.0	-10.0	3.0	21.80381	5.315213e-09
10.0	0.0	10.0	21.90835	4.030507e-09
-10.0	0.0	10.0	21.90835	4.019256e-09
10.0	0.0	-10.0	21.90835	4.019256e-09
-10.0	0.0	-10.0	21.90835	4.030507e-09
